Laissez-faire;t;Ns;Ni;a_t;;Optimal-policy;t;Ns;Ni;a_t
;0;0,999922;5,26735E-05;0,997875;;;0;0,999922;5,27028E-05;0,614904
;1;0,999895;7,09423E-05;0,997149;;;1;0,999913;5,40096E-05;0,6146
;2;0,999859;9,54763E-05;0,996178;;;2;0,999904;5,53397E-05;0,614298
;3;0,99981;0,000128366;0,994886;;;3;0,999895;0,000056693;0,613996
;4;0,999745;0,000172355;0,993172;;;4;0,999885;5,80699E-05;0,613696
;5;0,999657;0,000231007;0,99091;;;5;0,999875;5,94704E-05;0,613395
;6;0,999541;0,0003089;0,987943;;;6;0,999865;6,08946E-05;0,613096
;7;0,999387;0,000411811;0,984085;;;7;0,999855;6,23428E-05;0,612797
;8;0,999184;0,000546869;0,979122;;;8;0,999845;6,38149E-05;0,6125
;9;0,998918;0,000722627;0,972822;;;9;0,999834;6,53112E-05;0,612203
;10;0,998573;0,000948966;0,964954;;;10;0,999823;6,68316E-05;0,611906
;11;0,99813;0,00123675;0,955322;;;11;0,999812;6,83764E-05;0,611611
;12;0,997568;0,00159715;0,943793;;;12;0,9998;6,99456E-05;0,611316
;13;0,996866;0,0020407;0,930342;;;13;0,999789;7,15392E-05;0,611023
;14;0,996002;0,00257607;0,915075;;;14;0,999777;7,31574E-05;0,61073
;15;0,994957;0,00320884;0,898234;;;15;0,999764;7,48003E-05;0,610438
;16;0,993716;0,00394052;0,880178;;;16;0,999752;7,64678E-05;0,610147
;17;0,992267;0,00476806;0,861337;;;17;0,999739;0,00007816;0,609857
;18;0,990606;0,00568392;0,84216;;;18;0,999726;7,98771E-05;0,609567
;19;0,988731;0,00667671;0,823069;;;19;0,999713;8,16189E-05;0,609279
;20;0,986647;0,00773222;0,804424;;;20;0,999699;8,33856E-05;0,608991
;21;0,984362;0,00883456;0,786505;;;21;0,999686;8,51772E-05;0,608705
;22;0,981886;0,0099673;0,769507;;;22;0,999671;8,69936E-05;0,608419
;23;0,979233;0,0111144;0,753556;;;23;0,999657;8,88349E-05;0,608134
;24;0,976417;0,0122609;0,738713;;;24;0,999642;9,07011E-05;0,607851
;25;0,973452;0,0133935;0,724995;;;25;0,999627;9,25921E-05;0,607568
;26;0,970352;0,0145004;0,712384;;;26;0,999612;0,000094508;0,607286
;27;0,967132;0,0155722;0,700839;;;27;0,999597;9,64487E-05;0,607005
;28;0,963805;0,0166008;0,690306;;;28;0,999581;9,84142E-05;0,606725
;29;0,960383;0,0175803;0,68072;;;29;0,999564;0,000100404;0,606447
;30;0,956879;0,0185061;0,672018;;;30;0,999548;0,000102419;0,606169
;31;0,953303;0,0193752;0,664131;;;31;0,999531;0,000104459;0,605892
;32;0,949667;0,0201856;0,656997;;;32;0,999514;0,000106523;0,605616
;33;0,945978;0,0209365;0,650553;;;33;0,999497;0,000108611;0,605342
;34;0,942245;0,0216279;0,644742;;;34;0,999479;0,000110724;0,605068
;35;0,938477;0,0222606;0,639511;;;35;0,999461;0,000112861;0,604796
;36;0,93468;0,0228357;0,634809;;;36;0,999442;0,000115022;0,604524
;37;0,930861;0,023355;0,630592;;;37;0,999423;0,000117208;0,604254
;38;0,927025;0,0238205;0,626818;;;38;0,999404;0,000119417;0,603985
;39;0,923178;0,0242345;0,623449;;;39;0,999385;0,00012165;0,603717
;40;0,919324;0,0245994;0,620451;;;40;0,999365;0,000123907;0,60345
;41;0,915468;0,0249178;0,617792;;;41;0,999345;0,000126187;0,603184
;42;0,911614;0,0251922;0,615443;;;42;0,999324;0,00012849;0,602919
;43;0,907765;0,0254254;0,613379;;;43;0,999304;0,000130817;0,602656
;44;0,903924;0,0256199;0,611576;;;44;0,999282;0,000133167;0,602393
;45;0,900094;0,0257782;0,610013;;;45;0,999261;0,000135539;0,602132
;46;0,896277;0,0259028;0,608669;;;46;0,999239;0,000137934;0,601872
;47;0,892476;0,0259962;0,607526;;;47;0,999217;0,000140352;0,601613
;48;0,888693;0,0260607;0,606569;;;48;0,999194;0,000142791;0,601355
;49;0,88493;0,0260984;0,605783;;;49;0,999171;0,000145253;0,601099
;50;0,881187;0,0261114;0,605153;;;50;0,999148;0,000147737;0,600843
;51;0,877467;0,0261018;0,604667;;;51;0,999124;0,000150242;0,600589
;52;0,873771;0,0260713;0,604314;;;52;0,9991;0,000152768;0,600336
;53;0,870099;0,0260219;0,604084;;;53;0,999075;0,000155316;0,600085
;54;0,866453;0,0259551;0,603965;;;54;0,99905;0,000157884;0,599834
;55;0,862833;0,0258725;0,603951;;;55;0,999025;0,000160473;0,599585
;56;0,859241;0,0257755;0,604032;;;56;0,998999;0,000163082;0,599337
;57;0,855676;0,0256656;0,604201;;;57;0,998973;0,000165711;0,599091
;58;0,85214;0,0255439;0,604451;;;58;0,998946;0,00016836;0,598845
;59;0,848633;0,0254116;0,604776;;;59;0,998919;0,000171028;0,598601
;60;0,845154;0,0252699;0,60517;;;60;0,998892;0,000173715;0,598358
;61;0,841705;0,0251196;0,605627;;;61;0,998864;0,000176421;0,598117
;62;0,838285;0,0249619;0,606143;;;62;0,998836;0,000179146;0,597877
;63;0,834896;0,0247974;0,606713;;;63;0,998808;0,000181889;0,597638
;64;0,831535;0,0246271;0,607332;;;64;0,998779;0,00018465;0,5974
;65;0,828205;0,0244516;0,607997;;;65;0,998749;0,000187428;0,597164
;66;0,824905;0,0242716;0,608704;;;66;0,99872;0,000190224;0,596929
;67;0,821635;0,0240877;0,60945;;;67;0,99869;0,000193037;0,596695
;68;0,818394;0,0239005;0,610232;;;68;0,998659;0,000195866;0,596463
;69;0,815183;0,0237105;0,611046;;;69;0,998628;0,000198711;0,596231
;70;0,812002;0,0235182;0,611889;;;70;0,998596;0,000201572;0,596002
;71;0,80885;0,023324;0,612761;;;71;0,998565;0,000204449;0,595773
;72;0,805728;0,0231284;0,613657;;;72;0,998532;0,000207341;0,595546
;73;0,802635;0,0229316;0,614577;;;73;0,9985;0,000210247;0,595321
;74;0,79957;0,022734;0,615518;;;74;0,998466;0,000213168;0,595096
;75;0,796535;0,0225359;0,616477;;;75;0,998433;0,000216103;0,594873
;76;0,793528;0,0223377;0,617455;;;76;0,998399;0,000219052;0,594652
;77;0,790549;0,0221394;0,618448;;;77;0,998364;0,000222013;0,594432
;78;0,787599;0,0219414;0,619456;;;78;0,998329;0,000224988;0,594213
;79;0,784676;0,0217438;0,620477;;;79;0,998294;0,000227975;0,593995
;80;0,781781;0,0215469;0,621509;;;80;0,998258;0,000230975;0,593779
;81;0,778913;0,0213507;0,622553;;;81;0,998222;0,000233985;0,593565
;82;0,776072;0,0211555;0,623606;;;82;0,998185;0,000237008;0,593351
;83;0,773258;0,0209614;0,624667;;;83;0,998148;0,000240041;0,593139
;84;0,77047;0,0207685;0,625736;;;84;0,998111;0,000243084;0,592929
;85;0,767708;0,0205769;0,626812;;;85;0,998073;0,000246138;0,59272
;86;0,764972;0,0203867;0,627894;;;86;0,998034;0,000249201;0,592512
;87;0,762262;0,0201979;0,628981;;;87;0,997995;0,000252274;0,592306
;88;0,759577;0,0200107;0,630072;;;88;0,997956;0,000255355;0,592101
;89;0,756918;0,0198251;0,631167;;;89;0,997916;0,000258445;0,591897
;90;0,754283;0,0196412;0,632266;;;90;0,997876;0,000261543;0,591695
;91;0,751672;0,019459;0,633367;;;91;0,997835;0,000264648;0,591494
;92;0,749086;0,0192785;0,63447;;;92;0,997794;0,000267761;0,591295
;93;0,746523;0,0190998;0,635575;;;93;0,997753;0,00027088;0,591097
;94;0,743984;0,0189229;0,636681;;;94;0,997711;0,000274005;0,5909
;95;0,741468;0,0187479;0,637788;;;95;0,997668;0,000277137;0,590705
;96;0,738976;0,0185747;0,638896;;;96;0,997625;0,000280274;0,590511
;97;0,736506;0,0184034;0,640003;;;97;0,997582;0,000283416;0,590319
;98;0,734058;0,018234;0,641111;;;98;0,997538;0,000286563;0,590128
;99;0,731633;0,0180664;0,642218;;;99;0,997493;0,000289714;0,589939
;100;0,729229;0,0179008;0,643323;;;100;0,997449;0,000292869;0,589751
;101;0,726848;0,017737;0,644428;;;101;0,997404;0,000296027;0,589564
;102;0,724487;0,0175751;0,645532;;;102;0,997358;0,000299188;0,589379
;103;0,722148;0,0174151;0,646634;;;103;0,997312;0,000302352;0,589195
;104;0,71983;0,017257;0,647734;;;104;0,997265;0,000305518;0,589013
;105;0,717532;0,0171007;0,648832;;;105;0,997218;0,000308686;0,588832
;106;0,715254;0,0169463;0,649928;;;106;0,997171;0,000311855;0,588652
;107;0,712997;0,0167937;0,651022;;;107;0,997123;0,000315025;0,588474
;108;0,710759;0,016643;0,652114;;;108;0,997074;0,000318195;0,588297
;109;0,708541;0,016494;0,653203;;;109;0,997025;0,000321366;0,588122
;110;0,706343;0,0163469;0,654289;;;110;0,996976;0,000324536;0,587948
;111;0,704163;0,0162016;0,655372;;;111;0,996926;0,000327706;0,587775
;112;0,702002;0,016058;0,656453;;;112;0,996876;0,000330874;0,587604
;113;0,69986;0,0159162;0,65753;;;113;0,996825;0,000334042;0,587434
;114;0,697737;0,0157761;0,658605;;;114;0,996774;0,000337207;0,587266
;115;0,695631;0,0156377;0,659676;;;115;0,996723;0,00034037;0,587099
;116;0,693544;0,015501;0,660744;;;116;0,996671;0,00034353;0,586933
;117;0,691474;0,0153659;0,661809;;;117;0,996618;0,000346687;0,586769
;118;0,689422;0,0152326;0,66287;;;118;0,996565;0,000349841;0,586606
;119;0,687387;0,0151008;0,663928;;;119;0,996512;0,000352991;0,586445
;120;0,685369;0,0149707;0,664983;;;120;0,996458;0,000356137;0,586285
;121;0,683368;0,0148421;0,666034;;;121;0,996404;0,000359278;0,586126
;122;0,681384;0,0147151;0,667081;;;122;0,996349;0,000362415;0,585969
;123;0,679416;0,0145897;0,668125;;;123;0,996294;0,000365546;0,585813
;124;0,677465;0,0144658;0,669165;;;124;0,996239;0,000368671;0,585659
;125;0,67553;0,0143434;0,670202;;;125;0,996183;0,000371791;0,585506
;126;0,67361;0,0142225;0,671235;;;126;0,996126;0,000374904;0,585354
;127;0,671706;0,014103;0,672264;;;127;0,996069;0,000378011;0,585204
;128;0,669818;0,013985;0,67329;;;128;0,996012;0,00038111;0,585054
;129;0,667945;0,0138684;0,674312;;;129;0,995954;0,000384202;0,584907
;130;0,666087;0,0137532;0,67533;;;130;0,995896;0,000387287;0,58476
;131;0,664244;0,0136394;0,676345;;;131;0,995837;0,000390363;0,584615
;132;0,662416;0,013527;0,677355;;;132;0,995778;0,000393431;0,584472
;133;0,660603;0,0134159;0,678362;;;133;0,995719;0,000396491;0,584329
;134;0,658804;0,0133061;0,679366;;;134;0,995659;0,000399541;0,584189
;135;0,65702;0,0131976;0,680365;;;135;0,995599;0,000402582;0,584049
;136;0,655249;0,0130905;0,681361;;;136;0,995538;0,000405614;0,583911
;137;0,653492;0,0129845;0,682353;;;137;0,995477;0,000408635;0,583774
;138;0,65175;0,0128799;0,683341;;;138;0,995415;0,000411647;0,583638
;139;0,650021;0,0127764;0,684326;;;139;0,995353;0,000414648;0,583503
;140;0,648305;0,0126742;0,685307;;;140;0,995291;0,000417638;0,58337
;141;0,646603;0,0125732;0,686284;;;141;0,995228;0,000420617;0,583239
;142;0,644913;0,0124733;0,687257;;;142;0,995164;0,000423585;0,583108
;143;0,643237;0,0123746;0,688227;;;143;0,995101;0,000426541;0,582979
;144;0,641574;0,012277;0,689193;;;144;0,995037;0,000429486;0,582851
;145;0,639924;0,0121806;0,690155;;;145;0,994972;0,000432418;0,582725
;146;0,638286;0,0120852;0,691114;;;146;0,994907;0,000435338;0,582599
;147;0,63666;0,011991;0,692069;;;147;0,994842;0,000438245;0,582475
;148;0,635047;0,0118978;0,69302;;;148;0,994776;0,000441139;0,582352
;149;0,633446;0,0118057;0,693968;;;149;0,99471;0,000444021;0,582231
;150;0,631857;0,0117146;0,694912;;;150;0,994644;0,000446889;0,582111
;151;0,63028;0,0116246;0,695853;;;151;0,994577;0,000449743;0,581992
;152;0,628715;0,0115356;0,69679;;;152;0,994509;0,000452584;0,581874
;153;0,627161;0,0114475;0,697723;;;153;0,994442;0,00045541;0,581757
;154;0,625619;0,0113605;0,698653;;;154;0,994374;0,000458222;0,581642
;155;0,624088;0,0112744;0,699579;;;155;0,994305;0,00046102;0,581528
;156;0,622569;0,0111893;0,700502;;;156;0,994236;0,000463804;0,581415
;157;0,621061;0,0111051;0,701421;;;157;0,994167;0,000466572;0,581303
;158;0,619564;0,0110218;0,702337;;;158;0,994098;0,000469325;0,581193
;159;0,618077;0,0109394;0,703249;;;159;0,994028;0,000472063;0,581084
;160;0,616602;0,010858;0,704157;;;160;0,993957;0,000474786;0,580976
;161;0,615137;0,0107774;0,705063;;;161;0,993887;0,000477493;0,580869
;162;0,613683;0,0106977;0,705965;;;162;0,993815;0,000480185;0,580763
;163;0,612239;0,0106189;0,706863;;;163;0,993744;0,00048286;0,580659
;164;0,610805;0,0105409;0,707758;;;164;0,993672;0,00048552;0,580555
;165;0,609382;0,0104638;0,70865;;;165;0,9936;0,000488163;0,580453
;166;0,607969;0,0103875;0,709538;;;166;0,993527;0,00049079;0,580352
;167;0,606566;0,010312;0,710423;;;167;0,993454;0,000493401;0,580252
;168;0,605173;0,0102372;0,711305;;;168;0,993381;0,000495994;0,580154
;169;0,60379;0,0101633;0,712183;;;169;0,993308;0,000498571;0,580056
;170;0,602416;0,0100902;0,713058;;;170;0,993234;0,000501131;0,57996
;171;0,601052;0,0100178;0,71393;;;171;0,993159;0,000503674;0,579865
;172;0,599698;0,00994621;0,714798;;;172;0,993085;0,0005062;0,57977
;173;0,598353;0,00987535;0,715663;;;173;0,99301;0,000508708;0,579677
;174;0,597018;0,00980522;0,716525;;;174;0,992934;0,0005112;0,579585
;175;0,595691;0,00973581;0,717384;;;175;0,992859;0,000513673;0,579495
;176;0,594374;0,00966712;0,71824;;;176;0,992783;0,000516129;0,579405
;177;0,593066;0,00959913;0,719092;;;177;0,992706;0,000518567;0,579316
;178;0,591767;0,00953185;0,719941;;;178;0,99263;0,000520988;0,579229
;179;0,590476;0,00946524;0,720787;;;179;0,992553;0,000523391;0,579142
;180;0,589195;0,00939932;0,72163;;;180;0,992475;0,000525775;0,579057
;181;0,587922;0,00933406;0,72247;;;181;0,992398;0,000528142;0,578972
;182;0,586658;0,00926946;0,723307;;;182;0,99232;0,00053049;0,578889
;183;0,585402;0,00920551;0,724141;;;183;0,992241;0,000532821;0,578807
;184;0,584155;0,0091422;0,724971;;;184;0,992163;0,000535133;0,578725
;185;0,582916;0,00907952;0,725799;;;185;0,992084;0,000537427;0,578645
;186;0,581685;0,00901746;0,726623;;;186;0,992005;0,000539702;0,578566
;187;0,580463;0,00895603;0,727445;;;187;0,991925;0,000541959;0,578488
;188;0,579249;0,00889519;0,728263;;;188;0,991845;0,000544197;0,578411
;189;0,578042;0,00883496;0,729079;;;189;0,991765;0,000546417;0,578334
;190;0,576844;0,00877532;0,729891;;;190;0,991685;0,000548619;0,578259
;191;0,575654;0,00871626;0,730701;;;191;0,991604;0,000550802;0,578185
;192;0,574471;0,00865778;0,731508;;;192;0,991523;0,000552966;0,578112
;193;0,573297;0,00859986;0,732311;;;193;0,991442;0,000555112;0,57804
;194;0,57213;0,0085425;0,733112;;;194;0,99136;0,000557238;0,577969
;195;0,57097;0,0084857;0,73391;;;195;0,991278;0,000559347;0,577898
;196;0,569818;0,00842944;0,734705;;;196;0,991196;0,000561436;0,577829
;197;0,568674;0,00837373;0,735498;;;197;0,991114;0,000563507;0,577761
;198;0,567536;0,00831854;0,736287;;;198;0,991031;0,000565559;0,577693
;199;0,566407;0,00826388;0,737074;;;199;0,990948;0,000567592;0,577627
;200;0,565284;0,00820974;0,737857;;;200;0,990865;0,000569607;0,577561
;201;0,564169;0,00815611;0,738638;;;201;0,990781;0,000571603;0,577497
;202;0,563061;0,00810298;0,739416;;;202;0,990698;0,00057358;0,577433
;203;0,561959;0,00805035;0,740192;;;203;0,990614;0,000575538;0,57737
;204;0,560865;0,00799822;0,740964;;;204;0,990529;0,000577478;0,577308
;205;0,559778;0,00794657;0,741734;;;205;0,990445;0,000579398;0,577247
;206;0,558698;0,0078954;0,742501;;;206;0,99036;0,000581301;0,577187
;207;0,557624;0,00784471;0,743266;;;207;0,990275;0,000583184;0,577128
;208;0,556557;0,00779448;0,744028;;;208;0,990189;0,000585049;0,577069
;209;0,555497;0,00774472;0,744787;;;209;0,990104;0,000586895;0,577012
;210;0,554443;0,00769541;0,745543;;;210;0,990018;0,000588723;0,576955
;211;0,553396;0,00764655;0,746297;;;211;0,989932;0,000590532;0,5769
;212;0,552356;0,00759814;0,747048;;;212;0,989846;0,000592322;0,576845
;213;0,551322;0,00755017;0,747796;;;213;0,989759;0,000594094;0,576791
;214;0,550294;0,00750263;0,748542;;;214;0,989673;0,000595848;0,576737
;215;0,549273;0,00745552;0,749285;;;215;0,989586;0,000597583;0,576685
;216;0,548258;0,00740884;0,750026;;;216;0,989498;0,000599299;0,576633
;217;0,547249;0,00736257;0,750764;;;217;0,989411;0,000600998;0,576583
;218;0,546246;0,00731672;0,751499;;;218;0,989323;0,000602678;0,576533
;219;0,54525;0,00727128;0,752232;;;219;0,989235;0,000604339;0,576483
;220;0,544259;0,00722624;0,752962;;;220;0,989147;0,000605983;0,576435
;221;0,543275;0,00718159;0,75369;;;221;0,989059;0,000607608;0,576388
;222;0,542296;0,00713735;0,754415;;;222;0,98897;0,000609216;0,576341
;223;0,541324;0,00709349;0,755138;;;223;0,988882;0,000610805;0,576295
;224;0,540357;0,00705002;0,755859;;;224;0,988793;0,000612376;0,576249
;225;0,539396;0,00700692;0,756576;;;225;0,988704;0,00061393;0,576205
;226;0,538441;0,00696421;0,757292;;;226;0,988614;0,000615466;0,576161
;227;0,537491;0,00692186;0,758005;;;227;0,988525;0,000616984;0,576118
;228;0,536547;0,00687988;0,758715;;;228;0,988435;0,000618484;0,576076
;229;0,535609;0,00683827;0,759423;;;229;0,988345;0,000619966;0,576035
;230;0,534676;0,00679701;0,760129;;;230;0,988255;0,000621431;0,575994
;231;0,533749;0,00675611;0,760832;;;231;0,988165;0,000622879;0,575954
;232;0,532827;0,00671556;0,761532;;;232;0,988074;0,000624309;0,575914
;233;0,531911;0,00667535;0,762231;;;233;0,987983;0,000625722;0,575876
;234;0,531;0,00663549;0,762927;;;234;0,987892;0,000627117;0,575838
;235;0,530095;0,00659596;0,76362;;;235;0,987801;0,000628496;0,575801
;236;0,529194;0,00655677;0,764312;;;236;0,98771;0,000629857;0,575764
;237;0,528299;0,00651791;0,765001;;;237;0,987619;0,000631201;0,575728
;238;0,527856;0,00649869;0,765343;;;238;0,987527;0,000632529;0,575693
;239;0,526969;0,00646031;0,766028;;;239;0,987435;0,000633839;0,575659
;240;0,526086;0,00642226;0,766711;;;240;0,987343;0,000635133;0,575625
;241;0,525209;0,00638453;0,767392;;;241;0,987251;0,00063641;0,575592
;242;0,524337;0,00634711;0,76807;;;242;0,987159;0,00063767;0,57556
;243;0,52347;0,00631;0,768747;;;243;0,987067;0,000638914;0,575528
;244;0,522608;0,0062732;0,769421;;;244;0,986974;0,000640142;0,575497
;245;0,521751;0,0062367;0,770092;;;245;0,986881;0,000641353;0,575466
;246;0,520899;0,0062005;0,770762;;;246;0,986788;0,000642548;0,575436
;247;0,520052;0,0061646;0,771429;;;247;0,986695;0,000643727;0,575407
;248;0,519209;0,00612899;0,772094;;;248;0,986602;0,00064489;0,575378
;249;0,518372;0,00609367;0,772757;;;249;0,986509;0,000646037;0,57535
;250;0,517539;0,00605864;0,773417;;;250;0,986415;0,000647169;0,575323
;251;0,51671;0,0060239;0,774075;;;251;0,986322;0,000648284;0,575296
;252;0,515887;0,00598943;0,774732;;;252;0,986228;0,000649384;0,57527
;253;0,515068;0,00595525;0,775385;;;253;0,986134;0,000650468;0,575244
;254;0,514253;0,00592134;0,776037;;;254;0,98604;0,000651537;0,575219
;255;0,513443;0,0058877;0,776687;;;255;0,985946;0,00065259;0,575195
;256;0,512638;0,00585433;0,777334;;;256;0,985851;0,000653629;0,575171
;257;0,511837;0,00582122;0,77798;;;257;0,985757;0,000654652;0,575148
;258;0,511041;0,00578838;0,778623;;;258;0,985662;0,00065566;0,575125
;259;0,510249;0,0057558;0,779264;;;259;0,985568;0,000656653;0,575103
;260;0,509461;0,00572348;0,779903;;;260;0,985473;0,000657631;0,575082
;261;0,508678;0,00569141;0,78054;;;261;0,985378;0,000658595;0,575061
;262;0,507899;0,00565959;0,781174;;;262;0,985283;0,000659544;0,57504
;263;0,507124;0,00562803;0,781807;;;263;0,985187;0,000660478;0,57502
;264;0,506354;0,00559671;0,782438;;;264;0,985092;0,000661398;0,575001
;265;0,505588;0,00556564;0,783066;;;265;0,984997;0,000662304;0,574982
;266;0,504826;0,0055348;0,783692;;;266;0,984901;0,000663195;0,574964
;267;0,504068;0,00550421;0,784317;;;267;0,984805;0,000664072;0,574946
;268;0,503314;0,00547385;0,784939;;;268;0,98471;0,000664936;0,574929
;269;0,502564;0,00544373;0,785559;;;269;0,984614;0,000665785;0,574912
;270;0,501819;0,00541384;0,786178;;;270;0,984518;0,000666621;0,574896
;271;0,501077;0,00538418;0,786794;;;271;0,984421;0,000667443;0,57488
;272;0,500339;0,00535475;0,787408;;;272;0,984325;0,000668251;0,574865
;273;0,499606;0,00532554;0,788021;;;273;0,984229;0,000669046;0,57485
;274;0,498876;0,00529655;0,788631;;;274;0,984133;0,000669827;0,574835
;275;0,49815;0,00526778;0,789239;;;275;0,984036;0,000670595;0,574822
;276;0,497428;0,00523924;0,789845;;;276;0,983939;0,00067135;0,574808
;277;0,49671;0,00521091;0,79045;;;277;0,983843;0,000672092;0,574795
;278;0,495996;0,00518279;0,791052;;;278;0,983746;0,000672821;0,574783
;279;0,495285;0,00515488;0,791653;;;279;0,983649;0,000673538;0,574771
;280;0,494578;0,00512718;0,792251;;;280;0,983552;0,000674241;0,57476
;281;0,493875;0,00509969;0,792848;;;281;0,983455;0,000674932;0,574749
;282;0,493176;0,00507241;0,793442;;;282;0,983358;0,00067561;0,574738
;283;0,492481;0,00504532;0,794035;;;283;0,983261;0,000676276;0,574728
;284;0,491789;0,00501844;0,794626;;;284;0,983163;0,000676929;0,574718
;285;0,4911;0,00499176;0,795215;;;285;0,983066;0,000677571;0,574709
;286;0,490416;0,00496527;0,795802;;;286;0,982968;0,0006782;0,5747
;287;0,489734;0,00493898;0,796387;;;287;0,982871;0,000678817;0,574692
;288;0,489057;0,00491289;0,79697;;;288;0,982773;0,000679422;0,574684
;289;0,488383;0,00488698;0,797552;;;289;0,982676;0,000680016;0,574677
;290;0,487712;0,00486127;0,798131;;;290;0,982578;0,000680597;0,57467
;291;0,487045;0,00483574;0,798709;;;291;0,98248;0,000681168;0,574663
;292;0,486381;0,0048104;0,799285;;;292;0,982382;0,000681726;0,574657
;293;0,485721;0,00478524;0,799859;;;293;0,982284;0,000682274;0,574651
;294;0,485064;0,00476026;0,800431;;;294;0,982186;0,00068281;0,574645
;295;0,484411;0,00473546;0,801001;;;295;0,982088;0,000683334;0,57464
;296;0,483761;0,00471084;0,80157;;;296;0,98199;0,000683848;0,574635
;297;0,483114;0,0046864;0,802137;;;297;0,981892;0,000684351;0,574631
;298;0,48247;0,00466214;0,802701;;;298;0,981793;0,000684843;0,574627
;299;0,48183;0,00463805;0,803265;;;299;0,981695;0,000685324;0,574624
;300;0,481193;0,00461413;0,803826;;;300;0,981597;0,000685794;0,57462
;301;0,48056;0,00459038;0,804386;;;301;0,981498;0,000686254;0,574618
;302;0,479929;0,0045668;0,804943;;;302;0,9814;0,000686703;0,574615
;303;0,479302;0,00454338;0,805499;;;303;0,981301;0,000687142;0,574613
;304;0,478678;0,00452013;0,806054;;;304;0,981202;0,000687571;0,574611
;305;0,478057;0,00449705;0,806606;;;305;0,981104;0,000687989;0,57461
;306;0,477439;0,00447412;0,807157;;;306;0,981005;0,000688398;0,574609
;307;0,476824;0,00445136;0,807706;;;307;0,980906;0,000688796;0,574608
;308;0,476212;0,00442876;0,808253;;;308;0,980807;0,000689185;0,574608
;309;0,475604;0,00440632;0,808799;;;309;0,980708;0,000689563;0,574608
;310;0,474998;0,00438403;0,809343;;;310;0,98061;0,000689933;0,574608
;311;0,474395;0,00436189;0,809885;;;311;0,980511;0,000690292;0,574609
;312;0,473796;0,00433991;0,810425;;;312;0,980412;0,000690642;0,57461
;313;0,473199;0,00431809;0,810964;;;313;0,980313;0,000690982;0,574612
;314;0,472606;0,00429641;0,811501;;;314;0,980214;0,000691314;0,574613
;315;0,472015;0,00427488;0,812037;;;315;0,980114;0,000691635;0,574615
;316;0,471427;0,0042535;0,81257;;;316;0,980015;0,000691948;0,574618
;317;0,470842;0,00423227;0,813102;;;317;0,979916;0,000692252;0,57462
;318;0,47026;0,00421118;0,813633;;;318;0,979817;0,000692547;0,574623
;319;0,469681;0,00419023;0,814162;;;319;0,979718;0,000692833;0,574626
;320;0,469105;0,00416943;0,814689;;;320;0,979618;0,00069311;0,57463
;321;0,468531;0,00414877;0,815214;;;321;0,979519;0,000693379;0,574634
;322;0,467961;0,00412825;0,815738;;;322;0,97942;0,000693638;0,574638
;323;0,467393;0,00410787;0,81626;;;323;0,97932;0,00069389;0,574642
;324;0,466828;0,00408762;0,816781;;;324;0,979221;0,000694133;0,574647
;325;0,466265;0,00406751;0,8173;;;325;0,979122;0,000694368;0,574652
;326;0,465705;0,00404754;0,817817;;;326;0,979022;0,000694594;0,574657
;327;0,465149;0,0040277;0,818333;;;327;0,978923;0,000694812;0,574663
;328;0,464594;0,00400799;0,818847;;;328;0,978823;0,000695023;0,574669
;329;0,464043;0,00398842;0,819359;;;329;0,978724;0,000695225;0,574675
;330;0,463494;0,00396897;0,81987;;;330;0,978624;0,000695419;0,574681
;331;0,462947;0,00394966;0,82038;;;331;0,978525;0,000695606;0,574688
;332;0,462404;0,00393047;0,820887;;;332;0,978425;0,000695785;0,574695
;333;0,461863;0,00391141;0,821394;;;333;0,978326;0,000695956;0,574702
;334;0,461324;0,00389247;0,821898;;;334;0,978226;0,000696119;0,57471
;335;0,460788;0,00387366;0,822401;;;335;0,978126;0,000696276;0,574717
;336;0,460255;0,00385497;0,822903;;;336;0,978027;0,000696424;0,574725
;337;0,459724;0,00383641;0,823403;;;337;0,977927;0,000696566;0,574733
;338;0,459196;0,00381797;0,823901;;;338;0,977827;0,0006967;0,574742
;339;0,45867;0,00379964;0,824398;;;339;0,977728;0,000696827;0,574751
;340;0,458147;0,00378144;0,824894;;;340;0,977628;0,000696947;0,57476
;341;0,457626;0,00376335;0,825387;;;341;0,977528;0,00069706;0,574769
;342;0,457108;0,00374538;0,82588;;;342;0,977429;0,000697166;0,574778
;343;0,456592;0,00372753;0,826371;;;343;0,977329;0,000697265;0,574788
;344;0,456078;0,00370979;0,82686;;;344;0,977229;0,000697358;0,574798
;345;0,455567;0,00369217;0,827348;;;345;0,97713;0,000697444;0,574808
;346;0,455058;0,00367466;0,827834;;;346;0,97703;0,000697523;0,574818
;347;0,454552;0,00365726;0,828319;;;347;0,97693;0,000697595;0,574829
;348;0,454048;0,00363998;0,828802;;;348;0,97683;0,000697662;0,57484
;349;0,453546;0,0036228;0,829284;;;349;0,976731;0,000697721;0,574851
;350;0,453047;0,00360574;0,829765;;;350;0,976631;0,000697775;0,574862
;351;0,45255;0,00358878;0,830244;;;351;0,976531;0,000697822;0,574873
;352;0,452056;0,00357193;0,830721;;;352;0,976431;0,000697863;0,574885
;353;0,451563;0,00355519;0,831197;;;353;0,976332;0,000697898;0,574897
;354;0,451073;0,00353855;0,831672;;;354;0,976232;0,000697927;0,574909
;355;0,450585;0,00352202;0,832145;;;355;0,976132;0,00069795;0,574921
;356;0,4501;0,00350559;0,832616;;;356;0,976033;0,000697967;0,574934
;357;0,449617;0,00348926;0,833087;;;357;0,975933;0,000697978;0,574946
;358;0,449136;0,00347304;0,833556;;;358;0,975833;0,000697984;0,574959
;359;0,448657;0,00345692;0,834023;;;359;0,975733;0,000697984;0,574972
;360;0,44818;0,0034409;0,834489;;;360;0,975634;0,000697978;0,574986
;361;0,447705;0,00342498;0,834954;;;361;0,975534;0,000697966;0,574999
;362;0,447233;0,00340915;0,835417;;;362;0,975434;0,00069795;0,575013
;363;0,446763;0,00339343;0,835878;;;363;0,975335;0,000697927;0,575027
;364;0,446295;0,0033778;0,836339;;;364;0,975235;0,0006979;0,575041
;365;0,445829;0,00336227;0,836798;;;365;0,975135;0,000697867;0,575055
;366;0,445365;0,00334684;0,837255;;;366;0,975036;0,000697829;0,575069
;367;0,444904;0,0033315;0,837712;;;367;0,974936;0,000697785;0,575084
;368;0,444444;0,00331625;0,838166;;;368;0,974836;0,000697737;0,575099
;369;0,443986;0,0033011;0,83862;;;369;0,974737;0,000697684;0,575114
;370;0,443531;0,00328604;0,839072;;;370;0,974637;0,000697625;0,575129
;371;0,443078;0,00327108;0,839523;;;371;0,974537;0,000697562;0,575144
;372;0,442626;0,0032562;0,839972;;;372;0,974438;0,000697494;0,575159
;373;0,442177;0,00324142;0,84042;;;373;0,974338;0,000697421;0,575175
;374;0,44173;0,00322672;0,840867;;;374;0,974239;0,000697343;0,575191
;375;0,441284;0,00321211;0,841312;;;375;0,974139;0,000697261;0,575207
;376;0,440841;0,0031976;0,841756;;;376;0,97404;0,000697174;0,575223
;377;0,4404;0,00318316;0,842198;;;377;0,97394;0,000697082;0,575239
;378;0,43996;0,00316882;0,84264;;;378;0,973841;0,000696986;0,575255
;379;0,439523;0,00315456;0,84308;;;379;0,973741;0,000696885;0,575272
;380;0,439087;0,00314039;0,843518;;;380;0,973642;0,00069678;0,575289
;381;0,438654;0,0031263;0,843956;;;381;0,973542;0,000696671;0,575305
;382;0,438222;0,0031123;0,844392;;;382;0,973443;0,000696558;0,575322
;383;0,437793;0,00309838;0,844826;;;383;0,973344;0,00069644;0,57534
;384;0,437365;0,00308454;0,84526;;;384;0,973244;0,000696318;0,575357
;385;0,436939;0,00307079;0,845692;;;385;0,973145;0,000696192;0,575374
;386;0,436515;0,00305712;0,846123;;;386;0,973046;0,000696062;0,575392
;387;0,436093;0,00304352;0,846552;;;387;0,972946;0,000695928;0,57541
;388;0,435672;0,00303001;0,846981;;;388;0,972847;0,00069579;0,575428
;389;0,435254;0,00301658;0,847408;;;389;0,972748;0,000695648;0,575446
;390;0,434837;0,00300323;0,847833;;;390;0,972649;0,000695502;0,575464
;391;0,434422;0,00298995;0,848258;;;391;0,972549;0,000695352;0,575482
;392;0,434009;0,00297676;0,848681;;;392;0,97245;0,000695198;0,5755
;393;0,433598;0,00296364;0,849103;;;393;0,972351;0,000695041;0,575519
;394;0,433189;0,00295059;0,849523;;;394;0,972252;0,00069488;0,575538
;395;0,432781;0,00293763;0,849943;;;395;0,972153;0,000694716;0,575556
;396;0,432375;0,00292473;0,850361;;;396;0,972054;0,000694548;0,575575
;397;0,431971;0,00291192;0,850778;;;397;0,971955;0,000694376;0,575594
;398;0,431569;0,00289918;0,851194;;;398;0,971856;0,000694201;0,575613
;399;0,431168;0,00288651;0,851608;;;399;0,971757;0,000694023;0,575633
;400;0,430769;0,00287391;0,852021;;;400;0,971658;0,000693841;0,575652
;401;0,430372;0,00286139;0,852433;;;401;0,971559;0,000693656;0,575672
;402;0,429977;0,00284894;0,852844;;;402;0,97146;0,000693467;0,575691
;403;0,429583;0,00283656;0,853253;;;403;0,971361;0,000693276;0,575711
;404;0,429191;0,00282425;0,853662;;;404;0,971262;0,000693081;0,575731
;405;0,428801;0,00281201;0,854069;;;405;0,971164;0,000692883;0,575751
;406;0,428412;0,00279984;0,854475;;;406;0,971065;0,000692682;0,575771
;407;0,428025;0,00278775;0,854879;;;407;0,970966;0,000692477;0,575791
;408;0,42764;0,00277572;0,855283;;;408;0,970867;0,00069227;0,575811
;409;0,427256;0,00276375;0,855685;;;409;0,970769;0,00069206;0,575832
;410;0,426874;0,00275186;0,856086;;;410;0,97067;0,000691846;0,575852
;411;0,426494;0,00274003;0,856486;;;411;0,970571;0,00069163;0,575873
;412;0,426115;0,00272827;0,856885;;;412;0,970473;0,000691411;0,575894
;413;0,425737;0,00271658;0,857282;;;413;0,970374;0,000691189;0,575914
;414;0,425362;0,00270495;0,857679;;;414;0,970276;0,000690965;0,575935
;415;0,424988;0,00269339;0,858074;;;415;0,970177;0,000690737;0,575956
;416;0,424615;0,0026819;0,858468;;;416;0,970079;0,000690507;0,575978
;417;0,424244;0,00267046;0,858861;;;417;0,969981;0,000690275;0,575999
;418;0,423875;0,00265909;0,859253;;;418;0,969882;0,000690039;0,57602
;419;0,423507;0,00264779;0,859643;;;419;0,969784;0,000689801;0,576042
;420;0,423141;0,00263655;0,860033;;;420;0,969686;0,000689561;0,576063
;421;0,422777;0,00262537;0,860421;;;421;0,969587;0,000689318;0,576085
;422;0,422413;0,00261425;0,860808;;;422;0,969489;0,000689072;0,576106
;423;0,422052;0,00260319;0,861194;;;423;0,969391;0,000688824;0,576128
;424;0,421692;0,0025922;0,861579;;;424;0,969293;0,000688574;0,57615
;425;0,421333;0,00258126;0,861963;;;425;0,969195;0,000688321;0,576172
;426;0,420976;0,00257039;0,862345;;;426;0,969097;0,000688066;0,576194
;427;0,42062;0,00255958;0,862727;;;427;0,968999;0,000687808;0,576216
;428;0,420266;0,00254882;0,863107;;;428;0,968901;0,000687548;0,576238
;429;0,419914;0,00253813;0,863487;;;429;0,968803;0,000687286;0,57626
;430;0,419562;0,00252749;0,863865;;;430;0,968705;0,000687022;0,576283
;431;0,419213;0,00251691;0,864242;;;431;0,968607;0,000686756;0,576305
;432;0,418864;0,00250639;0,864618;;;432;0,968509;0,000686487;0,576328
;433;0,418518;0,00249593;0,864992;;;433;0,968411;0,000686217;0,57635
;434;0,418172;0,00248552;0,865366;;;434;0,968314;0,000685944;0,576373
;435;0,417828;0,00247517;0,865739;;;435;0,968216;0,000685669;0,576396
;436;0,417486;0,00246487;0,86611;;;436;0,968118;0,000685393;0,576419
;437;0,417144;0,00245463;0,866481;;;437;0,968021;0,000685114;0,576442
;438;0,416805;0,00244445;0,86685;;;438;0,967923;0,000684833;0,576465
;439;0,416466;0,00243432;0,867219;;;439;0,967826;0,00068455;0,576488
;440;0,416129;0,00242425;0,867586;;;440;0,967728;0,000684266;0,576511
;441;0,415794;0,00241423;0,867952;;;441;0,967631;0,000683979;0,576534
;442;0,41546;0,00240426;0,868317;;;442;0,967533;0,000683691;0,576557
;443;0,415127;0,00239435;0,868681;;;443;0,967436;0,000683401;0,576581
;444;0,414795;0,00238449;0,869044;;;444;0,967339;0,000683109;0,576604
;445;0,414465;0,00237468;0,869406;;;445;0,967241;0,000682816;0,576627
;446;0,414136;0,00236493;0,869767;;;446;0,967144;0,00068252;0,576651
;447;0,413809;0,00235523;0,870127;;;447;0,967047;0,000682223;0,576674
;448;0,413483;0,00234558;0,870485;;;448;0,96695;0,000681925;0,576698
;449;0,413158;0,00233598;0,870843;;;449;0,966853;0,000681624;0,576722
;450;0,412834;0,00232643;0,8712;;;450;0,966756;0,000681322;0,576746
;451;0,412512;0,00231693;0,871555;;;451;0,966659;0,000681019;0,576769
;452;0,412191;0,00230748;0,87191;;;452;0,966562;0,000680714;0,576793
;453;0,411872;0,00229808;0,872263;;;453;0,966465;0,000680407;0,576817
;454;0,411554;0,00228873;0,872616;;;454;0,966368;0,000680099;0,576841
;455;0,411237;0,00227943;0,872967;;;455;0,966271;0,000679789;0,576865
;456;0,410921;0,00227018;0,873318;;;456;0,966174;0,000679478;0,57689
;457;0,410606;0,00226098;0,873667;;;457;0,966077;0,000679166;0,576914
;458;0,410293;0,00225182;0,874016;;;458;0,965981;0,000678852;0,576938
;459;0,409981;0,00224272;0,874363;;;459;0,965884;0,000678536;0,576962
;460;0,409671;0,00223366;0,87471;;;460;0,965788;0,000678219;0,576987
;461;0,409361;0,00222464;0,875055;;;461;0,965691;0,000677901;0,577011
;462;0,409053;0,00221568;0,8754;;;462;0,965594;0,000677582;0,577036
;463;0,408746;0,00220676;0,875743;;;463;0,965498;0,000677261;0,57706
;464;0,40844;0,00219789;0,876086;;;464;0,965402;0,000676939;0,577085
;465;0,408136;0,00218906;0,876427;;;465;0,965305;0,000676616;0,577109
;466;0,407832;0,00218028;0,876768;;;466;0,965209;0,000676291;0,577134
;467;0,40753;0,00217154;0,877107;;;467;0,965113;0,000675966;0,577159
;468;0,407229;0,00216285;0,877445;;;468;0,965016;0,000675639;0,577183
;469;0,40693;0,0021542;0,877783;;;469;0,96492;0,000675311;0,577208
;470;0,406631;0,0021456;0,87812;;;470;0,964824;0,000674982;0,577233
;471;0,406334;0,00213704;0,878455;;;471;0,964728;0,000674651;0,577258
;472;0,406038;0,00212853;0,87879;;;472;0,964632;0,00067432;0,577283
;473;0,405743;0,00212006;0,879123;;;473;0,964536;0,000673987;0,577308
;474;0,405449;0,00211163;0,879456;;;474;0,96444;0,000673654;0,577333
;475;0,405156;0,00210325;0,879788;;;475;0,964344;0,000673319;0,577358
;476;0,404865;0,0020949;0,880119;;;476;0,964248;0,000672983;0,577383
;477;0,404574;0,0020866;0,880448;;;477;0,964153;0,000672647;0,577408
;478;0,404285;0,00207835;0,880777;;;478;0,964057;0,000672309;0,577433
;479;0,403997;0,00207013;0,881105;;;479;0,963961;0,00067197;0,577459
;480;0,40371;0,00206196;0,881432;;;480;0,963866;0,000671631;0,577484
;481;0,403424;0,00205382;0,881758;;;481;0,96377;0,00067129;0,577509
;482;0,403139;0,00204573;0,882083;;;482;0,963675;0,000670949;0,577535
;483;0,402856;0,00203768;0,882407;;;483;0,963579;0,000670606;0,57756
;484;0,402573;0,00202967;0,882731;;;484;0,963484;0,000670263;0,577585
;485;0,402292;0,0020217;0,883053;;;485;0,963388;0,000669919;0,577611
;486;0,402011;0,00201377;0,883374;;;486;0,963293;0,000669574;0,577636
;487;0,401732;0,00200587;0,883695;;;487;0,963198;0,000669228;0,577662
;488;0,401454;0,00199802;0,884014;;;488;0,963102;0,000668882;0,577687
;489;0,401177;0,00199021;0,884333;;;489;0,963007;0,000668534;0,577713
;490;0,400901;0,00198244;0,884651;;;490;0,962912;0,000668186;0,577739
;491;0,400626;0,0019747;0,884967;;;491;0,962817;0,000667837;0,577764
;492;0,400352;0,001967;0,885283;;;492;0,962722;0,000667488;0,57779
;493;0,400079;0,00195934;0,885598;;;493;0,962627;0,000667137;0,577816
;494;0,399808;0,00195172;0,885912;;;494;0,962532;0,000666786;0,577842
;495;0,399537;0,00194414;0,886226;;;495;0,962437;0,000666434;0,577867
;496;0,399267;0,00193659;0,886538;;;496;0,962342;0,000666082;0,577893
;497;0,398999;0,00192909;0,886849;;;497;0,962248;0,000665729;0,577919
;498;0,398731;0,00192161;0,88716;;;498;0,962153;0,000665375;0,577945
;499;0,398465;0,00191418;0,887469;;;499;0,962058;0,00066502;0,577971
;500;0,398199;0,00190678;0,887778;;;500;0,961964;0,000664665;0,577997
;501;0,397935;0,00189942;0,888086;;;501;0,961869;0,00066431;0,578023
;502;0,397671;0,00189209;0,888393;;;502;0,961774;0,000663953;0,578049
;503;0,397409;0,0018848;0,888699;;;503;0,96168;0,000663596;0,578075
;504;0,397147;0,00187755;0,889004;;;504;0,961586;0,000663239;0,578101
;505;0,396887;0,00187033;0,889308;;;505;0,961491;0,000662881;0,578127
;506;0,396627;0,00186314;0,889612;;;506;0,961397;0,000662522;0,578153
;507;0,396369;0,00185599;0,889914;;;507;0,961303;0,000662163;0,578179
;508;0,396111;0,00184888;0,890216;;;508;0,961208;0,000661804;0,578206
;509;0,395855;0,0018418;0,890517;;;509;0,961114;0,000661443;0,578232
;510;0,395599;0,00183475;0,890817;;;510;0,96102;0,000661083;0,578258
;511;0,395344;0,00182774;0,891116;;;511;0,960926;0,000660722;0,578284
;512;0,395091;0,00182076;0,891414;;;512;0,960832;0,00066036;0,57831
;513;0,394838;0,00181382;0,891712;;;513;0,960738;0,000659998;0,578337
;514;0,394586;0,0018069;0,892009;;;514;0,960644;0,000659636;0,578363
;515;0,394336;0,00180003;0,892304;;;515;0,96055;0,000659273;0,578389
;516;0,394086;0,00179318;0,892599;;;516;0,960457;0,00065891;0,578416
;517;0,393837;0,00178637;0,892893;;;517;0,960363;0,000658546;0,578442
;518;0,393589;0,00177959;0,893186;;;518;0,960269;0,000658182;0,578469
;519;0,393342;0,00177284;0,893479;;;519;0,960176;0,000657817;0,578495
;520;0,393096;0,00176612;0,89377;;;520;0,960082;0,000657453;0,578521
;521;0,392851;0,00175944;0,894061;;;521;0,959988;0,000657087;0,578548
;522;0,392607;0,00175279;0,894351;;;522;0,959895;0,000656722;0,578574
;523;0,392363;0,00174617;0,89464;;;523;0,959802;0,000656356;0,578601
;524;0,392121;0,00173958;0,894928;;;524;0,959708;0,00065599;0,578627
;525;0,391879;0,00173302;0,895216;;;525;0,959615;0,000655623;0,578654
;526;0,391639;0,0017265;0,895503;;;526;0,959522;0,000655256;0,57868
;527;0,391399;0,00172;0,895788;;;527;0,959428;0,000654889;0,578707
;528;0,39116;0,00171354;0,896073;;;528;0,959335;0,000654522;0,578734
;529;0,390923;0,0017071;0,896358;;;529;0,959242;0,000654154;0,57876
;530;0,390686;0,0017007;0,896641;;;530;0,959149;0,000653786;0,578787
;531;0,390449;0,00169432;0,896924;;;531;0,959056;0,000653418;0,578813
;532;0,390214;0,00168798;0,897205;;;532;0,958963;0,00065305;0,57884
;533;0,38998;0,00168166;0,897486;;;533;0,95887;0,000652681;0,578867
;534;0,389746;0,00167538;0,897766;;;534;0,958777;0,000652312;0,578893
;535;0,389514;0,00166912;0,898046;;;535;0,958685;0,000651943;0,57892
;536;0,389282;0,0016629;0,898324;;;536;0,958592;0,000651573;0,578947
;537;0,389051;0,0016567;0,898602;;;537;0,958499;0,000651204;0,578974
;538;0,388821;0,00165053;0,898879;;;538;0,958406;0,000650834;0,579
;539;0,388592;0,00164439;0,899156;;;539;0,958314;0,000650464;0,579027
;540;0,388363;0,00163828;0,899431;;;540;0,958221;0,000650094;0,579054
;541;0,388136;0,0016322;0,899706;;;541;0,958129;0,000649724;0,579081
;542;0,387909;0,00162614;0,89998;;;542;0,958036;0,000649353;0,579107
;543;0,387683;0,00162011;0,900253;;;543;0,957944;0,000648983;0,579134
;544;0,387458;0,00161411;0,900525;;;544;0,957852;0,000648612;0,579161
;545;0,387234;0,00160814;0,900797;;;545;0,95776;0,000648241;0,579188
;546;0,387011;0,0016022;0,901067;;;546;0,957667;0,00064787;0,579215
;547;0,386788;0,00159628;0,901338;;;547;0,957575;0,000647499;0,579241
;548;0,386566;0,00159039;0,901607;;;548;0,957483;0,000647128;0,579268
;549;0,386345;0,00158453;0,901875;;;549;0,957391;0,000646756;0,579295
;550;0,386125;0,00157869;0,902143;;;550;0,957299;0,000646385;0,579322
;551;0,385906;0,00157289;0,90241;;;551;0,957207;0,000646013;0,579349
;552;0,385688;0,0015671;0,902676;;;552;0,957115;0,000645642;0,579376
;553;0,38547;0,00156135;0,902942;;;553;0,957023;0,00064527;0,579403
;554;0,385253;0,00155562;0,903207;;;554;0,956932;0,000644898;0,57943
;555;0,385037;0,00154991;0,903471;;;555;0,95684;0,000644527;0,579457
;556;0,384821;0,00154424;0,903734;;;556;0,956748;0,000644155;0,579483
;557;0,384607;0,00153858;0,903996;;;557;0,956657;0,000643783;0,57951
;558;0,384393;0,00153296;0,904258;;;558;0,956565;0,000643411;0,579537
;559;0,38418;0,00152736;0,904519;;;559;0,956473;0,000643039;0,579564
;560;0,383968;0,00152178;0,90478;;;560;0,956382;0,000642667;0,579591
;561;0,383757;0,00151623;0,905039;;;561;0,956291;0,000642295;0,579618
;562;0,383546;0,00151071;0,905298;;;562;0,956199;0,000641923;0,579645
;563;0,383336;0,00150521;0,905556;;;563;0,956108;0,000641551;0,579672
;564;0,383127;0,00149973;0,905814;;;564;0,956017;0,000641179;0,579699
;565;0,382918;0,00149428;0,90607;;;565;0,955925;0,000640807;0,579726
;566;0,382711;0,00148885;0,906326;;;566;0,955834;0,000640435;0,579753
;567;0,382504;0,00148345;0,906581;;;567;0,955743;0,000640063;0,57978
;568;0,382298;0,00147807;0,906836;;;568;0,955652;0,000639691;0,579807
;569;0,382092;0,00147272;0,90709;;;569;0,955561;0,000639319;0,579834
;570;0,381888;0,00146739;0,907343;;;570;0,95547;0,000638947;0,579861
;571;0,381684;0,00146208;0,907595;;;571;0,955379;0,000638575;0,579888
;572;0,38148;0,0014568;0,907847;;;572;0,955289;0,000638204;0,579915
;573;0,381278;0,00145154;0,908098;;;573;0,955198;0,000637832;0,579942
;574;0,381076;0,0014463;0,908348;;;574;0,955107;0,00063746;0,579969
;575;0,380875;0,00144109;0,908598;;;575;0,955016;0,000637089;0,579996
;576;0,380675;0,0014359;0,908846;;;576;0,954926;0,000636717;0,580024
;577;0,380475;0,00143074;0,909095;;;577;0,954835;0,000636345;0,580051
;578;0,380276;0,00142559;0,909342;;;578;0,954745;0,000635974;0,580078
;579;0,380078;0,00142047;0,909589;;;579;0,954654;0,000635603;0,580105
;580;0,379881;0,00141537;0,909835;;;580;0,954564;0,000635232;0,580132
;581;0,379684;0,0014103;0,91008;;;581;0,954474;0,00063486;0,580159
;582;0,379488;0,00140524;0,910325;;;582;0,954383;0,000634489;0,580186
;583;0,379293;0,00140021;0,910569;;;583;0,954293;0,000634118;0,580213
;584;0,379098;0,0013952;0,910812;;;584;0,954203;0,000633748;0,58024
;585;0,378904;0,00139022;0,911055;;;585;0,954113;0,000633377;0,580267
;586;0,378711;0,00138525;0,911297;;;586;0,954023;0,000633006;0,580294
;587;0,378518;0,00138031;0,911538;;;587;0,953933;0,000632636;0,580321
;588;0,378326;0,00137539;0,911779;;;588;0,953843;0,000632265;0,580348
;589;0,378135;0,00137049;0,912018;;;589;0,953753;0,000631895;0,580375
;590;0,377944;0,00136561;0,912258;;;590;0,953663;0,000631525;0,580403
;591;0,377754;0,00136075;0,912496;;;591;0,953573;0,000631155;0,58043
;592;0,377565;0,00135591;0,912734;;;592;0,953483;0,000630785;0,580457
;593;0,377377;0,0013511;0,912971;;;593;0,953393;0,000630416;0,580484
;594;0,377189;0,0013463;0,913208;;;594;0,953304;0,000630046;0,580511
;595;0,377002;0,00134153;0,913444;;;595;0,953214;0,000629677;0,580538
;596;0,376815;0,00133677;0,913679;;;596;0,953125;0,000629308;0,580565
;597;0,376629;0,00133204;0,913914;;;597;0,953035;0,000628939;0,580592
;598;0,376444;0,00132733;0,914148;;;598;0,952946;0,00062857;0,580619
;599;0,376259;0,00132264;0,914381;;;599;0,952856;0,000628201;0,580646
;600;0,376075;0,00131797;0,914614;;;600;0,952767;0,000627833;0,580673
;601;0,375892;0,00131331;0,914846;;;601;0,952678;0,000627464;0,580701
;602;0,375709;0,00130868;0,915077;;;602;0,952588;0,000627096;0,580728
;603;0,375527;0,00130407;0,915308;;;603;0,952499;0,000626728;0,580755
;604;0,375346;0,00129948;0,915538;;;604;0,95241;0,00062636;0,580782
;605;0,375165;0,00129491;0,915767;;;605;0,952321;0,000625993;0,580809
;606;0,374985;0,00129035;0,915996;;;606;0,952232;0,000625625;0,580836
;607;0,374806;0,00128582;0,916224;;;607;0,952143;0,000625258;0,580863
;608;0,374637;0,00128157;0,916438;;;608;0,952054;0,000624891;0,58089
;609;0,374459;0,00127708;0,916665;;;609;0,951965;0,000624524;0,580917
;610;0,374282;0,0012726;0,916891;;;610;0,951876;0,000624158;0,580944
;611;0,374105;0,00126815;0,917117;;;611;0,951788;0,000623792;0,580971
;612;0,373928;0,00126371;0,917342;;;612;0,951699;0,000623425;0,580999
;613;0,373752;0,00125929;0,917566;;;613;0,95161;0,000623059;0,581026
;614;0,373577;0,00125489;0,91779;;;614;0,951522;0,000622694;0,581053
;615;0,373403;0,0012505;0,918013;;;615;0,951433;0,000622328;0,58108
;616;0,373229;0,00124614;0,918236;;;616;0,951344;0,000621963;0,581107
;617;0,373055;0,00124179;0,918457;;;617;0,951256;0,000621598;0,581134
;618;0,372883;0,00123747;0,918679;;;618;0,951168;0,000621233;0,581161
;619;0,37271;0,00123316;0,918899;;;619;0,951079;0,000620869;0,581188
;620;0,372539;0,00122887;0,919119;;;620;0,950991;0,000620504;0,581215
;621;0,372368;0,0012246;0,919339;;;621;0,950903;0,00062014;0,581242
;622;0,372197;0,00122034;0,919558;;;622;0,950814;0,000619776;0,581269
;623;0,372028;0,00121611;0,919776;;;623;0,950726;0,000619413;0,581296
;624;0,371858;0,00121189;0,919993;;;624;0,950638;0,000619049;0,581323
;625;0,37169;0,00120769;0,92021;;;625;0,95055;0,000618686;0,58135
;626;0,371522;0,0012035;0,920427;;;626;0,950462;0,000618323;0,581377
;627;0,371354;0,00119934;0,920643;;;627;0,950374;0,000617961;0,581405
;628;0,371187;0,00119519;0,920858;;;628;0,950286;0,000617598;0,581432
;629;0,371021;0,00119106;0,921072;;;629;0,950198;0,000617236;0,581459
;630;0,370855;0,00118694;0,921286;;;630;0,950111;0,000616874;0,581486
;631;0,37069;0,00118285;0,9215;;;631;0,950023;0,000616513;0,581513
;632;0,370526;0,00117877;0,921712;;;632;0,949935;0,000616152;0,58154
;633;0,370362;0,0011747;0,921925;;;633;0,949848;0,000615791;0,581567
;634;0,370198;0,00117066;0,922136;;;634;0,94976;0,00061543;0,581594
;635;0,370035;0,00116663;0,922347;;;635;0,949673;0,000615069;0,581621
;636;0,369873;0,00116261;0,922558;;;636;0,949585;0,000614709;0,581648
;637;0,369711;0,00115862;0,922768;;;637;0,949498;0,000614349;0,581675
;638;0,36955;0,00115464;0,922977;;;638;0,94941;0,00061399;0,581702
;639;0,369389;0,00115068;0,923186;;;639;0,949323;0,00061363;0,581729
;640;0,369229;0,00114673;0,923394;;;640;0,949236;0,000613271;0,581756
;641;0,369069;0,0011428;0,923601;;;641;0,949148;0,000612912;0,581783
;642;0,36891;0,00113888;0,923808;;;642;0,949061;0,000612554;0,58181
;643;0,368752;0,00113499;0,924015;;;643;0,948974;0,000612196;0,581837
;644;0,368594;0,0011311;0,92422;;;644;0,948887;0,000611838;0,581864
;645;0,368436;0,00112724;0,924426;;;645;0,9488;0,00061148;0,581891
;646;0,368279;0,00112339;0,92463;;;646;0,948713;0,000611123;0,581918
;647;0,368123;0,00111955;0,924834;;;647;0,948626;0,000610766;0,581944
;648;0,367967;0,00111573;0,925038;;;648;0,948539;0,000610409;0,581971
;649;0,367812;0,00111193;0,925241;;;649;0,948452;0,000610052;0,581998
;650;0,367657;0,00110814;0,925443;;;650;0,948366;0,000609696;0,582025
;651;0,367503;0,00110437;0,925645;;;651;0,948279;0,00060934;0,582052
;652;0,367349;0,00110061;0,925847;;;652;0,948192;0,000608985;0,582079
;653;0,367196;0,00109687;0,926047;;;653;0,948106;0,00060863;0,582106
;654;0,367043;0,00109315;0,926247;;;654;0,948019;0,000608275;0,582133
;655;0,366891;0,00108944;0,926447;;;655;0,947933;0,00060792;0,58216
;656;0,366739;0,00108574;0,926646;;;656;0,947846;0,000607566;0,582187
;657;0,366588;0,00108206;0,926845;;;657;0,94776;0,000607212;0,582214
;658;0,366437;0,00107839;0,927043;;;658;0,947673;0,000606858;0,582241
;659;0,366287;0,00107474;0,92724;;;659;0,947587;0,000606505;0,582267
;660;0,366138;0,0010711;0,927437;;;660;0,947501;0,000606151;0,582294
;661;0,365988;0,00106748;0,927633;;;661;0,947415;0,000605799;0,582321
;662;0,36584;0,00106387;0,927829;;;662;0,947328;0,000605446;0,582348
;663;0,365692;0,00106028;0,928024;;;663;0,947242;0,000605094;0,582375
;664;0,365544;0,0010567;0,928219;;;664;0,947156;0,000604742;0,582402
;665;0,365397;0,00105314;0,928413;;;665;0,94707;0,000604391;0,582429
;666;0,36525;0,00104959;0,928607;;;666;0,946984;0,00060404;0,582455
;667;0,365104;0,00104605;0,9288;;;667;0,946898;0,000603689;0,582482
;668;0,364958;0,00104253;0,928992;;;668;0,946812;0,000603338;0,582509
;669;0,364813;0,00103902;0,929184;;;669;0,946727;0,000602988;0,582536
;670;0,364669;0,00103553;0,929376;;;670;0,946641;0,000602638;0,582563
;671;0,364524;0,00103205;0,929567;;;671;0,946555;0,000602289;0,58259
;672;0,364381;0,00102859;0,929757;;;672;0,946469;0,000601939;0,582616
;673;0,364237;0,00102514;0,929947;;;673;0,946384;0,000601591;0,582643
;674;0,364095;0,0010217;0,930137;;;674;0,946298;0,000601242;0,58267
;675;0,363952;0,00101827;0,930326;;;675;0,946213;0,000600894;0,582697
;676;0,363811;0,00101486;0,930514;;;676;0,946127;0,000600546;0,582723
;677;0,363669;0,00101147;0,930702;;;677;0,946042;0,000600198;0,58275
;678;0,363528;0,00100808;0,930889;;;678;0,945957;0,000599851;0,582777
;679;0,363388;0,00100471;0,931076;;;679;0,945871;0,000599504;0,582804
;680;0,363248;0,00100136;0,931262;;;680;0,945786;0,000599158;0,58283
;681;0,363109;0,000998013;0,931448;;;681;0,945701;0,000598811;0,582857
;682;0,36297;0,000994683;0,931633;;;682;0,945616;0,000598466;0,582884
;683;0,362831;0,000991366;0,931818;;;683;0,94553;0,00059812;0,582911
;684;0,362693;0,000988062;0,932002;;;684;0,945445;0,000597775;0,582937
;685;0,362555;0,000984771;0,932186;;;685;0,94536;0,00059743;0,582964
;686;0,362418;0,000981494;0,932369;;;686;0,945275;0,000597085;0,582991
;687;0,362281;0,000978229;0,932552;;;687;0,94519;0,000596741;0,583017
;688;0,362145;0,000974977;0,932734;;;688;0,945105;0,000596397;0,583044
;689;0,362009;0,000971737;0,932916;;;689;0,945021;0,000596054;0,583071
;690;0,361874;0,000968511;0,933097;;;690;0,944936;0,000595711;0,583097
;691;0,361739;0,000965297;0,933277;;;691;0,944851;0,000595368;0,583124
;692;0,361605;0,000962095;0,933458;;;692;0,944766;0,000595026;0,583151
;693;0,361471;0,000958906;0,933637;;;693;0,944682;0,000594683;0,583177
;694;0,361337;0,00095573;0,933817;;;694;0,944597;0,000594342;0,583204
;695;0,361204;0,000952566;0,933995;;;695;0,944513;0,000594;0,583231
;696;0,361071;0,000949415;0,934174;;;696;0,944428;0,000593659;0,583257
;697;0,360939;0,000946275;0,934351;;;697;0,944344;0,000593318;0,583284
;698;0,360807;0,000943148;0,934529;;;698;0,944259;0,000592978;0,58331
;699;0,360676;0,000940033;0,934705;;;699;0,944175;0,000592638;0,583337
;700;0,360545;0,000936931;0,934882;;;700;0,944091;0,000592298;0,583363
;701;0,360414;0,00093384;0,935057;;;701;0,944006;0,000591959;0,58339
;702;0,360284;0,000930761;0,935233;;;702;0,943922;0,00059162;0,583417
;703;0,360154;0,000927694;0,935407;;;703;0,943838;0,000591281;0,583443
;704;0,360025;0,00092464;0,935582;;;704;0,943754;0,000590943;0,58347
;705;0,359896;0,000921596;0,935756;;;705;0,94367;0,000590605;0,583496
;706;0,359768;0,000918565;0,935929;;;706;0,943586;0,000590268;0,583523
;707;0,35964;0,000915546;0,936102;;;707;0,943502;0,00058993;0,583549
;708;0,359512;0,000912538;0,936274;;;708;0,943418;0,000589593;0,583576
;709;0,359385;0,000909541;0,936446;;;709;0,943334;0,000589257;0,583602
;710;0,359258;0,000906557;0,936618;;;710;0,94325;0,000588921;0,583629
;711;0,359132;0,000903583;0,936789;;;711;0,943167;0,000588585;0,583655
;712;0,359006;0,000900621;0,936959;;;712;0,943083;0,00058825;0,583682
;713;0,358881;0,000897671;0,937129;;;713;0,942999;0,000587914;0,583708
;714;0,358756;0,000894732;0,937299;;;714;0,942916;0,00058758;0,583735
;715;0,358631;0,000891804;0,937468;;;715;0,942832;0,000587245;0,583761
;716;0,358507;0,000888887;0,937637;;;716;0,942748;0,000586911;0,583788
;717;0,358383;0,000885982;0,937805;;;717;0,942665;0,000586578;0,583814
;718;0,358259;0,000883088;0,937973;;;718;0,942582;0,000586244;0,58384
;719;0,358136;0,000880204;0,93814;;;719;0,942498;0,000585911;0,583867
;720;0,358014;0,000877332;0,938307;;;720;0,942415;0,000585579;0,583893
;721;0,357891;0,000874471;0,938473;;;721;0,942331;0,000585246;0,58392
;722;0,357769;0,00087162;0,938639;;;722;0,942248;0,000584914;0,583946
;723;0,357648;0,000868781;0,938805;;;723;0,942165;0,000584583;0,583972
;724;0,357527;0,000865952;0,93897;;;724;0,942082;0,000584252;0,583999
;725;0,357406;0,000863134;0,939134;;;725;0,941999;0,000583921;0,584025
;726;0,357286;0,000860327;0,939298;;;726;0,941916;0,00058359;0,584051
;727;0,357166;0,00085753;0,939462;;;727;0,941833;0,00058326;0,584078
;728;0,357046;0,000854744;0,939625;;;728;0,94175;0,00058293;0,584104
;729;0,356927;0,000851969;0,939788;;;729;0,941667;0,000582601;0,58413
;730;0,356809;0,000849204;0,93995;;;730;0,941584;0,000582272;0,584157
;731;0,35669;0,00084645;0,940112;;;731;0,941501;0,000581943;0,584183
;732;0,356572;0,000843706;0,940273;;;732;0,941418;0,000581615;0,584209
;733;0,356455;0,000840972;0,940434;;;733;0,941336;0,000581287;0,584236
;734;0,356337;0,000838249;0,940595;;;734;0,941253;0,000580959;0,584262
;735;0,356221;0,000835536;0,940755;;;735;0,94117;0,000580632;0,584288
;736;0,356104;0,000832833;0,940915;;;736;0,941088;0,000580305;0,584314
;737;0,355988;0,00083014;0,941074;;;737;0,941005;0,000579979;0,584341
;738;0,355872;0,000827458;0,941233;;;738;0,940923;0,000579653;0,584367
;739;0,355757;0,000824785;0,941391;;;739;0,94084;0,000579327;0,584393
