Laissez-faire;t;Ns;Ni;a_t;Utility;Lambda_s;Lambda_i;;;Optimal-policy;t;Ns;Ni;a_t;Utility;Lambda_s;Lambda_i
;0;0,999922;5,26735E-05;0,997875;-2,26072E-06;-102,859;-194,343;;;;0;0,999922;5,27028E-05;0,614904;-0,101193;-165,651;-21985,5
;1;0,999895;7,09423E-05;0,997149;-4,0732E-06;-,103;-194,348;;;;1;0,999913;5,40096E-05;0,6146;-0,101383;-165,684;-21495,3
;2;0,999859;9,54763E-05;0,996178;-7,32189E-06;-,103;-194,352;;;;2;0,999904;5,53397E-05;0,614298;-0,101573;-165,717;-21019,6
;3;0,99981;0,000128366;0,994886;-1,31212E-05;-,103;-194,358;;;;3;0,999895;0,000056693;0,613996;-0,101763;-165,749;-20557,8
;4;0,999745;0,000172355;0,993172;-0,000023418;-103,658;-194,364;;;;4;0,999885;5,80699E-05;0,613696;-0,101952;-165,781;-20109,4
;5;0,999657;0,000231007;0,99091;-4,15704E-05;-103,855;-194,372;;;;5;0,999875;5,94704E-05;0,613395;-0,102141;-165,813;-19674
;6;0,999541;0,0003089;0,987943;-7,32777E-05;-104,049;-,194;;;;6;0,999865;6,08946E-05;0,613096;-0,10233;-165,844;-19251,2
;7;0,999387;0,000411811;0,984085;-0,000128005;-104,241;-,194;;;;7;0,999855;6,23428E-05;0,612797;-0,102518;-165,875;-18840,5
;8;0,999184;0,000546869;0,979122;-0,000221033;-104,428;-194,401;;;;8;0,999845;6,38149E-05;0,6125;-0,102707;-165,906;-18441,5
;9;0,998918;0,000722627;0,972822;-0,000376166;-,105;-194,414;;;;9;0,999834;6,53112E-05;0,612203;-0,102895;-165,937;-18053,9
;10;0,998573;0,000948966;0,964954;-0,000628833;-104,785;-194,428;;;;10;0,999823;6,68316E-05;0,611906;-0,103082;-165,967;-17677,3
;11;0,99813;0,00123675;0,955322;-0,00102884;-104,951;-194,445;;;;11;0,999812;6,83764E-05;0,611611;-0,10327;-165,998;-17311,3
;12;0,997568;0,00159715;0,943793;-0,00164144;-105,107;-194,463;;;;12;0,9998;6,99456E-05;0,611316;-0,103457;-166,027;-16955,6
;13;0,996866;0,0020407;0,930342;-0,00254505;-105,249;-194,484;;;;13;0,999789;7,15392E-05;0,611023;-0,103644;-166,057;-16609,9
;14;0,996002;0,00257607;0,915075;-0,00382428;-105,377;-194,507;;;;14;0,999777;7,31574E-05;0,61073;-0,10383;-166,086;-16273,7
;15;0,994957;0,00320884;0,898234;-0,00555863;-105,486;-194,531;;;;15;0,999764;7,48003E-05;0,610438;-0,104017;-166,115;-15946,9
;16;0,993716;0,00394052;0,880178;-0,0078091;-105,577;-194,558;;;;16;0,999752;7,64678E-05;0,610147;-0,104203;-166,144;-15629,1
;17;0,992267;0,00476806;0,861337;-0,0106065;-105,646;-194,585;;;;17;0,999739;0,00007816;0,609857;-0,104388;-166,172;-15320,1
;18;0,990606;0,00568392;0,84216;-0,0139453;-105,693;-194,614;;;;18;0,999726;7,98771E-05;0,609567;-0,104573;-166,201;-15019,5
;19;0,988731;0,00667671;0,823069;-0,0177842;-105,718;-194,643;;;;19;0,999713;8,16189E-05;0,609279;-0,104758;-166,228;-14727,1
;20;0,986647;0,00773222;0,804424;-0,0220527;-105,719;-194,673;;;;20;0,999699;8,33856E-05;0,608991;-0,104943;-166,256;-14442,6
;21;0,984362;0,00883456;0,786505;-0,0266613;-105,697;-194,702;;;;21;0,999686;8,51772E-05;0,608705;-0,105127;-166,283;-14165,8
;22;0,981886;0,0099673;0,769507;-0,0315122;-105,652;-194,731;;;;22;0,999671;8,69936E-05;0,608419;-0,10531;-166,311;-13896,4
;23;0,979233;0,0111144;0,753556;-0,036508;-105,585;-194,759;;;;23;0,999657;8,88349E-05;0,608134;-0,105494;-166,337;-13634,2
;24;0,976417;0,0122609;0,738713;-0,0415587;-105,497;-194,786;;;;24;0,999642;9,07011E-05;0,607851;-0,105677;-166,364;-13379,1
;25;0,973452;0,0133935;0,724995;-0,0465854;-105,389;-194,812;;;;25;0,999627;9,25921E-05;0,607568;-0,105859;-,166;-13130,6
;26;0,970352;0,0145004;0,712384;-0,0515221;-105,262;-194,836;;;;26;0,999612;0,000094508;0,607286;-0,106041;-166,416;-12888,8
;27;0,967132;0,0155722;0,700839;-0,056316;-105,118;-194,859;;;;27;0,999597;9,64487E-05;0,607005;-0,106223;-166,442;-12653,3
;28;0,963805;0,0166008;0,690306;-0,0609265;-104,957;-194,881;;;;28;0,999581;9,84142E-05;0,606725;-0,106404;-166,467;-12424
;29;0,960383;0,0175803;0,68072;-0,065324;-104,781;-194,901;;;;29;0,999564;0,000100404;0,606447;-0,106585;-166,493;-12200,6
;30;0,956879;0,0185061;0,672018;-0,0694883;-,105;-194,919;;;;30;0,999548;0,000102419;0,606169;-0,106766;-166,517;-11983,1
;31;0,953303;0,0193752;0,664131;-0,0734066;-104,386;-194,936;;;;31;0,999531;0,000104459;0,605892;-0,106945;-166,542;-11771,2
;32;0,949667;0,0201856;0,656997;-0,0770728;-,104;-194,952;;;;32;0,999514;0,000106523;0,605616;-0,107125;-166,566;-11564,7
;33;0,945978;0,0209365;0,650553;-0,0804854;-103,942;-194,966;;;;33;0,999497;0,000108611;0,605342;-0,107304;-166,591;-11363,5
;34;0,942245;0,0216279;0,644742;-0,0836469;-103,705;-194,979;;;;34;0,999479;0,000110724;0,605068;-0,107482;-166,614;-11167,4
;35;0,938477;0,0222606;0,639511;-0,0865626;-103,458;-194,991;;;;35;0,999461;0,000112861;0,604796;-0,10766;-166,638;-10976,4
;36;0,93468;0,0228357;0,634809;-0,0892401;-103,202;-195,001;;;;36;0,999442;0,000115022;0,604524;-0,107838;-166,661;-10790,1
;37;0,930861;0,023355;0,630592;-0,0916883;-102,938;-195,011;;;;37;0,999423;0,000117208;0,604254;-0,108015;-166,684;-10608,6
;38;0,927025;0,0238205;0,626818;-0,0939172;-102,668;-195,019;;;;38;0,999404;0,000119417;0,603985;-0,108191;-166,707;-10431,5
;39;0,923178;0,0242345;0,623449;-0,0959374;-,102;-195,026;;;;39;0,999385;0,00012165;0,603717;-0,108367;-166,729;-10258,9
;40;0,919324;0,0245994;0,620451;-0,0977599;-102,107;-195,032;;;;40;0,999365;0,000123907;0,60345;-0,108542;-166,752;-10090,6
;41;0,915468;0,0249178;0,617792;-0,0993957;-101,818;-195,038;;;;41;0,999345;0,000126187;0,603184;-0,108717;-166,774;-9926,49
;42;0,911614;0,0251922;0,615443;-0,100856;-101,525;-195,043;;;;42;0,999324;0,00012849;0,602919;-0,108891;-166,795;-9766,39
;43;0,907765;0,0254254;0,613379;-0,102151;-101,227;-195,046;;;;43;0,999304;0,000130817;0,602656;-0,109065;-166,817;-9610,21
;44;0,903924;0,0256199;0,611576;-0,103292;-100,925;-,195;;;;44;0,999282;0,000133167;0,602393;-0,109238;-166,838;-9457,84
;45;0,900094;0,0257782;0,610013;-0,104288;-,101;-195,052;;;;45;0,999261;0,000135539;0,602132;-0,109411;-166,859;-9309,18
;46;0,896277;0,0259028;0,608669;-0,10515;-100,311;-195,054;;;;46;0,999239;0,000137934;0,601872;-0,109583;-166,879;-9164,12
;47;0,892476;0,0259962;0,607526;-0,105886;-,10;-195,055;;;;47;0,999217;0,000140352;0,601613;-0,109754;-,167;-9022,55
;48;0,888693;0,0260607;0,606569;-0,106505;-99,6865;-195,056;;;;48;0,999194;0,000142791;0,601355;-0,109925;-,167;-8884,38
;49;0,88493;0,0260984;0,605783;-0,107016;-99,3706;-195,056;;;;49;0,999171;0,000145253;0,601099;-0,110095;-,167;-8749,52
;50;0,881187;0,0261114;0,605153;-0,107427;-99,0529;-195,056;;;;50;0,999148;0,000147737;0,600843;-0,110264;-166,959;-8617,86
;51;0,877467;0,0261018;0,604667;-0,107744;-98,7335;-195,056;;;;51;0,999124;0,000150242;0,600589;-0,110433;-166,979;-8489,32
;52;0,873771;0,0260713;0,604314;-0,107975;-98,4128;-195,055;;;;52;0,9991;0,000152768;0,600336;-0,110602;-166,998;-8363,81
;53;0,870099;0,0260219;0,604084;-0,108126;-98,0909;-195,054;;;;53;0,999075;0,000155316;0,600085;-0,110769;-167,017;-8241,25
;54;0,866453;0,0259551;0,603965;-0,108204;-97,7681;-195,052;;;;54;0,99905;0,000157884;0,599834;-0,110936;-167,035;-8121,56
;55;0,862833;0,0258725;0,603951;-0,108213;-97,4445;-,195;;;;55;0,999025;0,000160473;0,599585;-0,111102;-167,054;-8004,66
;56;0,859241;0,0257755;0,604032;-0,10816;-97,1203;-195,048;;;;56;0,998999;0,000163082;0,599337;-0,111268;-167,072;-7890,47
;57;0,855676;0,0256656;0,604201;-0,108049;-96,7957;-195,046;;;;57;0,998973;0,000165711;0,599091;-0,111433;-167,089;-7778,91
;58;0,85214;0,0255439;0,604451;-0,107886;-96,4708;-195,043;;;;58;0,998946;0,00016836;0,598845;-0,111597;-167,107;-7669,92
;59;0,848633;0,0254116;0,604776;-0,107673;-96,1458;-,195;;;;59;0,998919;0,000171028;0,598601;-0,111761;-167,124;-7563,43
;60;0,845154;0,0252699;0,60517;-0,107416;-95,8207;-195,037;;;;60;0,998892;0,000173715;0,598358;-0,111924;-167,141;-7459,37
;61;0,841705;0,0251196;0,605627;-0,107118;-95,4957;-195,034;;;;61;0,998864;0,000176421;0,598117;-0,112086;-167,158;-7357,66
;62;0,838285;0,0249619;0,606143;-0,106782;-95,171;-195,031;;;;62;0,998836;0,000179146;0,597877;-0,112248;-167,175;-7258,26
;63;0,834896;0,0247974;0,606713;-0,106412;-94,8465;-195,027;;;;63;0,998808;0,000181889;0,597638;-0,112408;-167,191;-7161,1
;64;0,831535;0,0246271;0,607332;-0,106011;-94,5224;-195,024;;;;64;0,998779;0,00018465;0,5974;-0,112568;-167,207;-7066,12
;65;0,828205;0,0244516;0,607997;-0,105582;-94,1988;-,195;;;;65;0,998749;0,000187428;0,597164;-0,112728;-167,223;-6973,26
;66;0,824905;0,0242716;0,608704;-0,105127;-93,8757;-195,016;;;;66;0,99872;0,000190224;0,596929;-0,112886;-167,238;-6882,47
;67;0,821635;0,0240877;0,60945;-0,104648;-93,5533;-195,012;;;;67;0,99869;0,000193037;0,596695;-0,113044;-167,254;-6793,68
;68;0,818394;0,0239005;0,610232;-0,104148;-93,2316;-195,008;;;;68;0,998659;0,000195866;0,596463;-0,113201;-167,269;-6706,86
;69;0,815183;0,0237105;0,611046;-0,103629;-92,9106;-195,004;;;;69;0,998628;0,000198711;0,596231;-0,113358;-167,284;-6621,94
;70;0,812002;0,0235182;0,611889;-0,103093;-92,5903;-,195;;;;70;0,998596;0,000201572;0,596002;-0,113513;-167,298;-6538,89
;71;0,80885;0,023324;0,612761;-0,102541;-92,271;-194,996;;;;71;0,998565;0,000204449;0,595773;-0,113668;-167,313;-6457,64
;72;0,805728;0,0231284;0,613657;-0,101976;-91,9525;-194,992;;;;72;0,998532;0,000207341;0,595546;-0,113822;-167,327;-6378,16
;73;0,802635;0,0229316;0,614577;-0,101398;-91,6349;-194,987;;;;73;0,9985;0,000210247;0,595321;-0,113976;-167,341;-6300,39
;74;0,79957;0,022734;0,615518;-0,100809;-91,3184;-194,983;;;;74;0,998466;0,000213168;0,595096;-0,114128;-167,354;-6224,3
;75;0,796535;0,0225359;0,616477;-0,100211;-91,0028;-194,979;;;;75;0,998433;0,000216103;0,594873;-0,11428;-167,368;-6149,84
;76;0,793528;0,0223377;0,617455;-0,0996042;-90,6882;-194,975;;;;76;0,998399;0,000219052;0,594652;-0,114431;-167,381;-6076,98
;77;0,790549;0,0221394;0,618448;-0,0989901;-90,3747;-,195;;;;77;0,998364;0,000222013;0,594432;-0,114581;-167,394;-6005,66
;78;0,787599;0,0219414;0,619456;-0,0983697;-90,0623;-194,966;;;;78;0,998329;0,000224988;0,594213;-0,114731;-167,406;-5935,85
;79;0,784676;0,0217438;0,620477;-0,0977439;-89,751;-194,961;;;;79;0,998294;0,000227975;0,593995;-0,114879;-167,419;-5867,52
;80;0,781781;0,0215469;0,621509;-0,0971136;-89,4408;-194,957;;;;80;0,998258;0,000230975;0,593779;-0,115027;-167,431;-5800,62
;81;0,778913;0,0213507;0,622553;-0,0964796;-89,1318;-194,953;;;;81;0,998222;0,000233985;0,593565;-0,115174;-167,443;-5735,13
;82;0,776072;0,0211555;0,623606;-0,0958427;-88,8239;-194,948;;;;82;0,998185;0,000237008;0,593351;-0,11532;-167,455;-5671
;83;0,773258;0,0209614;0,624667;-0,0952035;-88,5173;-194,944;;;;83;0,998148;0,000240041;0,593139;-0,115465;-167,466;-5608,21
;84;0,77047;0,0207685;0,625736;-0,0945626;-88,2117;-,195;;;;84;0,998111;0,000243084;0,592929;-0,11561;-167,477;-5546,71
;85;0,767708;0,0205769;0,626812;-0,0939206;-87,9074;-194,935;;;;85;0,998073;0,000246138;0,59272;-0,115753;-167,488;-5486,49
;86;0,764972;0,0203867;0,627894;-0,093278;-87,6043;-194,931;;;;86;0,998034;0,000249201;0,592512;-0,115896;-167,499;-5427,5
;87;0,762262;0,0201979;0,628981;-0,0926354;-87,3025;-194,927;;;;87;0,997995;0,000252274;0,592306;-0,116038;-,168;-5369,71
;88;0,759577;0,0200107;0,630072;-0,0919931;-87,0018;-194,922;;;;88;0,997956;0,000255355;0,592101;-0,116179;-,168;-5313,11
;89;0,756918;0,0198251;0,631167;-0,0913516;-86,7024;-194,918;;;;89;0,997916;0,000258445;0,591897;-0,11632;-,168;-5257,66
;90;0,754283;0,0196412;0,632266;-0,0907112;-86,4042;-194,914;;;;90;0,997876;0,000261543;0,591695;-0,116459;-,168;-5203,32
;91;0,751672;0,019459;0,633367;-0,0900723;-86,1072;-194,909;;;;91;0,997835;0,000264648;0,591494;-0,116598;-,168;-5150,09
;92;0,749086;0,0192785;0,63447;-0,0894351;-85,8115;-194,905;;;;92;0,997794;0,000267761;0,591295;-0,116735;-,168;-5097,92
;93;0,746523;0,0190998;0,635575;-0,0888;-85,517;-194,901;;;;93;0,997753;0,00027088;0,591097;-0,116872;-167,569;-5046,79
;94;0,743984;0,0189229;0,636681;-0,0881673;-85,2238;-194,897;;;;94;0,997711;0,000274005;0,5909;-0,117008;-167,578;-4996,69
;95;0,741468;0,0187479;0,637788;-0,0875371;-84,9318;-194,892;;;;95;0,997668;0,000277137;0,590705;-0,117143;-167,587;-4947,58
;96;0,738976;0,0185747;0,638896;-0,0869096;-84,641;-194,888;;;;96;0,997625;0,000280274;0,590511;-0,117278;-167,595;-4899,44
;97;0,736506;0,0184034;0,640003;-0,0862852;-84,3515;-194,884;;;;97;0,997582;0,000283416;0,590319;-0,117411;-167,604;-4852,25
;98;0,734058;0,018234;0,641111;-0,0856638;-84,0633;-,195;;;;98;0,997538;0,000286563;0,590128;-0,117544;-167,612;-4805,99
;99;0,731633;0,0180664;0,642218;-0,0850457;-83,7762;-194,876;;;;99;0,997493;0,000289714;0,589939;-0,117675;-,168;-4760,63
;100;0,729229;0,0179008;0,643323;-0,0844311;-83,4904;-194,872;;;;100;0,997449;0,000292869;0,589751;-0,117806;-167,628;-4716,16
;101;0,726848;0,017737;0,644428;-0,08382;-83,2059;-194,868;;;;101;0,997404;0,000296027;0,589564;-0,117936;-167,635;-4672,55
;102;0,724487;0,0175751;0,645532;-0,0832126;-82,9226;-194,864;;;;102;0,997358;0,000299188;0,589379;-0,118065;-167,643;-4629,79
;103;0,722148;0,0174151;0,646634;-0,082609;-82,6405;-,195;;;;103;0,997312;0,000302352;0,589195;-0,118193;-,168;-4587,85
;104;0,71983;0,017257;0,647734;-0,0820092;-82,3596;-194,856;;;;104;0,997265;0,000305518;0,589013;-0,11832;-167,657;-4546,72
;105;0,717532;0,0171007;0,648832;-0,0814133;-82,08;-194,852;;;;105;0,997218;0,000308686;0,588832;-0,118447;-167,664;-4506,38
;106;0,715254;0,0169463;0,649928;-0,0808215;-81,8015;-194,848;;;;106;0,997171;0,000311855;0,588652;-0,118572;-,168;-4466,81
;107;0,712997;0,0167937;0,651022;-0,0802337;-81,5243;-194,844;;;;107;0,997123;0,000315025;0,588474;-0,118697;-167,676;-4427,99
;108;0,710759;0,016643;0,652114;-0,07965;-81,2483;-,195;;;;108;0,997074;0,000318195;0,588297;-0,11882;-167,683;-4389,91
;109;0,708541;0,016494;0,653203;-0,0790705;-80,9735;-194,837;;;;109;0,997025;0,000321366;0,588122;-0,118943;-167,688;-4352,55
;110;0,706343;0,0163469;0,654289;-0,0784952;-80,6999;-194,833;;;;110;0,996976;0,000324536;0,587948;-0,119065;-167,694;-4315,89
;111;0,704163;0,0162016;0,655372;-0,0779241;-80,4274;-194,829;;;;111;0,996926;0,000327706;0,587775;-0,119186;-,168;-4279,92
;112;0,702002;0,016058;0,656453;-0,0773573;-80,1562;-194,825;;;;112;0,996876;0,000330874;0,587604;-0,119306;-167,705;-4244,62
;113;0,69986;0,0159162;0,65753;-0,0767947;-79,8862;-194,822;;;;113;0,996825;0,000334042;0,587434;-0,119425;-,168;-4209,99
;114;0,697737;0,0157761;0,658605;-0,0762364;-79,6173;-194,818;;;;114;0,996774;0,000337207;0,587266;-0,119543;-167,715;-4175,99
;115;0,695631;0,0156377;0,659676;-0,0756824;-79,3496;-194,814;;;;115;0,996723;0,00034037;0,587099;-0,119661;-,168;-4142,63
;116;0,693544;0,015501;0,660744;-0,0751327;-79,083;-194,811;;;;116;0,996671;0,00034353;0,586933;-0,119777;-167,725;-4109,88
;117;0,691474;0,0153659;0,661809;-0,0745873;-78,8176;-194,807;;;;117;0,996618;0,000346687;0,586769;-0,119893;-167,729;-4077,74
;118;0,689422;0,0152326;0,66287;-0,0740462;-78,5534;-194,804;;;;118;0,996565;0,000349841;0,586606;-0,120008;-167,733;-4046,18
;119;0,687387;0,0151008;0,663928;-0,0735094;-78,2903;-,195;;;;119;0,996512;0,000352991;0,586445;-0,120121;-167,737;-4015,2
;120;0,685369;0,0149707;0,664983;-0,0729769;-78,0283;-194,797;;;;120;0,996458;0,000356137;0,586285;-0,120234;-167,741;-3984,79
;121;0,683368;0,0148421;0,666034;-0,0724486;-77,7675;-194,793;;;;121;0,996404;0,000359278;0,586126;-0,120346;-167,745;-3954,93
;122;0,681384;0,0147151;0,667081;-0,0719247;-77,5078;-,195;;;;122;0,996349;0,000362415;0,585969;-0,120457;-167,748;-3925,62
;123;0,679416;0,0145897;0,668125;-0,0714049;-77,2492;-194,787;;;;123;0,996294;0,000365546;0,585813;-0,120567;-167,751;-3896,83
;124;0,677465;0,0144658;0,669165;-0,0708894;-76,9917;-194,783;;;;124;0,996239;0,000368671;0,585659;-0,120677;-167,754;-3868,56
;125;0,67553;0,0143434;0,670202;-0,0703781;-76,7354;-,195;;;;125;0,996183;0,000371791;0,585506;-0,120785;-167,757;-3840,8
;126;0,67361;0,0142225;0,671235;-0,0698709;-76,4801;-194,776;;;;126;0,996126;0,000374904;0,585354;-0,120893;-,168;-3813,54
;127;0,671706;0,014103;0,672264;-0,0693679;-76,2259;-194,773;;;;127;0,996069;0,000378011;0,585204;-0,120999;-167,762;-3786,76
;128;0,669818;0,013985;0,67329;-0,0688691;-75,9729;-,195;;;;128;0,996012;0,00038111;0,585054;-0,121105;-167,765;-3760,46
;129;0,667945;0,0138684;0,674312;-0,0683744;-75,7209;-194,767;;;;129;0,995954;0,000384202;0,584907;-0,12121;-167,767;-3734,63
;130;0,666087;0,0137532;0,67533;-0,0678837;-75,4699;-194,764;;;;130;0,995896;0,000387287;0,58476;-0,121313;-167,769;-3709,25
;131;0,664244;0,0136394;0,676345;-0,0673971;-75,2201;-,195;;;;131;0,995837;0,000390363;0,584615;-0,121416;-167,771;-3684,33
;132;0,662416;0,013527;0,677355;-0,0669146;-74,9713;-194,757;;;;132;0,995778;0,000393431;0,584472;-0,121519;-167,773;-3659,84
;133;0,660603;0,0134159;0,678362;-0,066436;-74,7236;-194,754;;;;133;0,995719;0,000396491;0,584329;-0,12162;-167,774;-3635,78
;134;0,658804;0,0133061;0,679366;-0,0659614;-74,4769;-194,751;;;;134;0,995659;0,000399541;0,584189;-0,12172;-167,775;-3612,14
;135;0,65702;0,0131976;0,680365;-0,0654908;-74,2313;-194,748;;;;135;0,995599;0,000402582;0,584049;-0,12182;-167,777;-3588,92
;136;0,655249;0,0130905;0,681361;-0,065024;-73,9867;-194,745;;;;136;0,995538;0,000405614;0,583911;-0,121918;-167,778;-3566,1
;137;0,653492;0,0129845;0,682353;-0,0645611;-73,7431;-194,742;;;;137;0,995477;0,000408635;0,583774;-0,122016;-167,778;-3543,68
;138;0,65175;0,0128799;0,683341;-0,0641021;-73,5005;-194,739;;;;138;0,995415;0,000411647;0,583638;-0,122112;-167,779;-3521,64
;139;0,650021;0,0127764;0,684326;-0,0636469;-73,259;-194,736;;;;139;0,995353;0,000414648;0,583503;-0,122208;-,168;-3499,99
;140;0,648305;0,0126742;0,685307;-0,0631955;-73,0185;-194,733;;;;140;0,995291;0,000417638;0,58337;-0,122303;-,168;-3478,71
;141;0,646603;0,0125732;0,686284;-0,0627478;-72,779;-,195;;;;141;0,995228;0,000420617;0,583239;-0,122397;-,168;-3457,79
;142;0,644913;0,0124733;0,687257;-0,0623039;-72,5405;-194,727;;;;142;0,995164;0,000423585;0,583108;-0,122491;-,168;-3437,24
;143;0,643237;0,0123746;0,688227;-0,0618636;-72,303;-194,724;;;;143;0,995101;0,000426541;0,582979;-0,122583;-,168;-3417,03
;144;0,641574;0,012277;0,689193;-0,0614269;-72,0665;-194,721;;;;144;0,995037;0,000429486;0,582851;-0,122675;-,168;-3397,17
;145;0,639924;0,0121806;0,690155;-0,0609939;-71,831;-194,719;;;;145;0,994972;0,000432418;0,582725;-0,122765;-167,779;-3377,65
;146;0,638286;0,0120852;0,691114;-0,0605645;-71,5964;-194,716;;;;146;0,994907;0,000435338;0,582599;-0,122855;-167,779;-3358,46
;147;0,63666;0,011991;0,692069;-0,0601386;-71,3628;-194,713;;;;147;0,994842;0,000438245;0,582475;-0,122944;-167,778;-3339,59
;148;0,635047;0,0118978;0,69302;-0,0597162;-71,1302;-,195;;;;148;0,994776;0,000441139;0,582352;-0,123032;-167,777;-3321,05
;149;0,633446;0,0118057;0,693968;-0,0592974;-70,8985;-194,707;;;;149;0,99471;0,000444021;0,582231;-0,123119;-167,776;-3302,81
;150;0,631857;0,0117146;0,694912;-0,058882;-70,6678;-194,705;;;;150;0,994644;0,000446889;0,582111;-0,123205;-167,775;-3284,89
;151;0,63028;0,0116246;0,695853;-0,05847;-70,4381;-194,702;;;;151;0,994577;0,000449743;0,581992;-0,123291;-167,773;-3267,26
;152;0,628715;0,0115356;0,69679;-0,0580614;-70,2093;-194,699;;;;152;0,994509;0,000452584;0,581874;-0,123375;-167,772;-3249,93
;153;0,627161;0,0114475;0,697723;-0,0576561;-69,9814;-194,697;;;;153;0,994442;0,00045541;0,581757;-0,123459;-,168;-3232,89
;154;0,625619;0,0113605;0,698653;-0,0572542;-69,7545;-194,694;;;;154;0,994374;0,000458222;0,581642;-0,123542;-167,768;-3216,13
;155;0,624088;0,0112744;0,699579;-0,0568556;-69,5285;-194,691;;;;155;0,994305;0,00046102;0,581528;-0,123624;-167,766;-3199,65
;156;0,622569;0,0111893;0,700502;-0,0564602;-69,3034;-194,689;;;;156;0,994236;0,000463804;0,581415;-0,123705;-167,764;-3183,45
;157;0,621061;0,0111051;0,701421;-0,056068;-69,0792;-194,686;;;;157;0,994167;0,000466572;0,581303;-0,123786;-167,762;-3167,51
;158;0,619564;0,0110218;0,702337;-0,0556791;-68,8559;-194,684;;;;158;0,994098;0,000469325;0,581193;-0,123865;-,168;-3151,84
;159;0,618077;0,0109394;0,703249;-0,0552934;-68,6336;-194,681;;;;159;0,994028;0,000472063;0,581084;-0,123944;-167,757;-3136,43
;160;0,616602;0,010858;0,704157;-0,0549107;-68,4121;-194,679;;;;160;0,993957;0,000474786;0,580976;-0,124022;-167,754;-3121,27
;161;0,615137;0,0107774;0,705063;-0,0545312;-68,1915;-194,676;;;;161;0,993887;0,000477493;0,580869;-0,124099;-167,752;-3106,36
;162;0,613683;0,0106977;0,705965;-0,0541548;-67,9719;-194,674;;;;162;0,993815;0,000480185;0,580763;-0,124175;-167,749;-3091,69
;163;0,612239;0,0106189;0,706863;-0,0537814;-67,7531;-194,671;;;;163;0,993744;0,00048286;0,580659;-0,124251;-167,746;-3077,27
;164;0,610805;0,0105409;0,707758;-0,053411;-67,5352;-194,669;;;;164;0,993672;0,00048552;0,580555;-0,124325;-167,742;-3063,08
;165;0,609382;0,0104638;0,70865;-0,0530436;-67,3181;-194,667;;;;165;0,9936;0,000488163;0,580453;-0,124399;-167,739;-3049,12
;166;0,607969;0,0103875;0,709538;-0,0526792;-67,1019;-194,664;;;;166;0,993527;0,00049079;0,580352;-0,124472;-167,736;-3035,39
;167;0,606566;0,010312;0,710423;-0,0523177;-66,8866;-194,662;;;;167;0,993454;0,000493401;0,580252;-0,124544;-167,732;-3021,88
;168;0,605173;0,0102372;0,711305;-0,0519591;-66,6722;-194,659;;;;168;0,993381;0,000495994;0,580154;-0,124616;-167,728;-3008,59
;169;0,60379;0,0101633;0,712183;-0,0516034;-66,4586;-194,657;;;;169;0,993308;0,000498571;0,580056;-0,124686;-167,725;-2995,52
;170;0,602416;0,0100902;0,713058;-0,0512506;-66,2458;-194,655;;;;170;0,993234;0,000501131;0,57996;-0,124756;-167,721;-2982,66
;171;0,601052;0,0100178;0,71393;-0,0509005;-66,0339;-194,653;;;;171;0,993159;0,000503674;0,579865;-0,124825;-167,716;-2970,01
;172;0,599698;0,00994621;0,714798;-0,0505533;-65,8229;-,195;;;;172;0,993085;0,0005062;0,57977;-0,124894;-167,712;-2957,56
;173;0,598353;0,00987535;0,715663;-0,0502088;-65,6127;-194,648;;;;173;0,99301;0,000508708;0,579677;-0,124961;-167,708;-2945,31
;174;0,597018;0,00980522;0,716525;-0,049867;-65,4033;-194,646;;;;174;0,992934;0,0005112;0,579585;-0,125028;-167,703;-2933,26
;175;0,595691;0,00973581;0,717384;-0,049528;-65,1947;-194,644;;;;175;0,992859;0,000513673;0,579495;-0,125094;-167,699;-2921,4
;176;0,594374;0,00966712;0,71824;-0,0491917;-64,9869;-194,641;;;;176;0,992783;0,000516129;0,579405;-0,125159;-167,694;-2909,73
;177;0,593066;0,00959913;0,719092;-0,048858;-64,78;-194,639;;;;177;0,992706;0,000518567;0,579316;-0,125223;-167,689;-2898,25
;178;0,591767;0,00953185;0,719941;-0,0485269;-64,5739;-194,637;;;;178;0,99263;0,000520988;0,579229;-0,125287;-167,684;-2886,96
;179;0,590476;0,00946524;0,720787;-0,0481985;-64,3686;-194,635;;;;179;0,992553;0,000523391;0,579142;-0,12535;-167,679;-2875,84
;180;0,589195;0,00939932;0,72163;-0,0478726;-64,1641;-194,633;;;;180;0,992475;0,000525775;0,579057;-0,125412;-167,674;-2864,9
;181;0,587922;0,00933406;0,72247;-0,0475493;-63,9603;-194,631;;;;181;0,992398;0,000528142;0,578972;-0,125473;-167,669;-2854,14
;182;0,586658;0,00926946;0,723307;-0,0472286;-63,7574;-194,628;;;;182;0,99232;0,00053049;0,578889;-0,125534;-167,663;-2843,55
;183;0,585402;0,00920551;0,724141;-0,0469103;-63,5553;-194,626;;;;183;0,992241;0,000532821;0,578807;-0,125593;-167,658;-2833,12
;184;0,584155;0,0091422;0,724971;-0,0465946;-63,3539;-194,624;;;;184;0,992163;0,000535133;0,578725;-0,125653;-167,652;-2822,86
;185;0,582916;0,00907952;0,725799;-0,0462813;-63,1534;-194,622;;;;185;0,992084;0,000537427;0,578645;-0,125711;-167,646;-2812,77
;186;0,581685;0,00901746;0,726623;-0,0459704;-62,9536;-,195;;;;186;0,992005;0,000539702;0,578566;-0,125769;-167,641;-2802,83
;187;0,580463;0,00895603;0,727445;-0,045662;-62,7546;-194,618;;;;187;0,991925;0,000541959;0,578488;-0,125826;-167,635;-2793,06
;188;0,579249;0,00889519;0,728263;-0,0453559;-62,5563;-194,616;;;;188;0,991845;0,000544197;0,578411;-0,125882;-167,629;-2783,43
;189;0,578042;0,00883496;0,729079;-0,0450522;-62,3588;-194,614;;;;189;0,991765;0,000546417;0,578334;-0,125937;-167,622;-2773,96
;190;0,576844;0,00877532;0,729891;-0,0447509;-62,1621;-194,612;;;;190;0,991685;0,000548619;0,578259;-0,125992;-167,616;-2764,64
;191;0,575654;0,00871626;0,730701;-0,0444519;-61,9661;-,195;;;;191;0,991604;0,000550802;0,578185;-0,126046;-,168;-2755,47
;192;0,574471;0,00865778;0,731508;-0,0441552;-61,7709;-194,608;;;;192;0,991523;0,000552966;0,578112;-0,1261;-167,603;-2746,44
;193;0,573297;0,00859986;0,732311;-0,0438608;-61,5764;-194,606;;;;193;0,991442;0,000555112;0,57804;-0,126152;-167,597;-2737,55
;194;0,57213;0,0085425;0,733112;-0,0435687;-61,3827;-194,604;;;;194;0,99136;0,000557238;0,577969;-0,126204;-,168;-2728,8
;195;0,57097;0,0084857;0,73391;-0,0432788;-61,1897;-194,603;;;;195;0,991278;0,000559347;0,577898;-0,126256;-167,583;-2720,19
;196;0,569818;0,00842944;0,734705;-0,0429911;-60,9975;-194,601;;;;196;0,991196;0,000561436;0,577829;-0,126306;-167,576;-2711,72
;197;0,568674;0,00837373;0,735498;-0,0427056;-60,806;-194,599;;;;197;0,991114;0,000563507;0,577761;-0,126356;-167,569;-2703,38
;198;0,567536;0,00831854;0,736287;-0,0424223;-60,6152;-194,597;;;;198;0,991031;0,000565559;0,577693;-0,126406;-167,562;-2695,17
;199;0,566407;0,00826388;0,737074;-0,0421411;-60,4251;-194,595;;;;199;0,990948;0,000567592;0,577627;-0,126454;-167,555;-2687,09
;200;0,565284;0,00820974;0,737857;-0,0418621;-60,2357;-194,593;;;;200;0,990865;0,000569607;0,577561;-0,126502;-167,548;-2679,14
;201;0,564169;0,00815611;0,738638;-0,0415852;-60,0471;-194,591;;;;201;0,990781;0,000571603;0,577497;-0,126549;-,168;-2671,31
;202;0,563061;0,00810298;0,739416;-0,0413105;-59,8592;-,195;;;;202;0,990698;0,00057358;0,577433;-0,126596;-167,533;-2663,6
;203;0,561959;0,00805035;0,740192;-0,0410377;-59,672;-194,588;;;;203;0,990614;0,000575538;0,57737;-0,126642;-167,525;-2656,02
;204;0,560865;0,00799822;0,740964;-0,0407671;-59,4855;-194,586;;;;204;0,990529;0,000577478;0,577308;-0,126687;-167,518;-2648,55
;205;0,559778;0,00794657;0,741734;-0,0404985;-59,2997;-194,584;;;;205;0,990445;0,000579398;0,577247;-0,126732;-,168;-2641,2
;206;0,558698;0,0078954;0,742501;-0,0402319;-59,1146;-194,583;;;;206;0,99036;0,000581301;0,577187;-0,126776;-167,502;-2633,97
;207;0,557624;0,00784471;0,743266;-0,0399673;-58,9301;-194,581;;;;207;0,990275;0,000583184;0,577128;-0,126819;-167,494;-2626,85
;208;0,556557;0,00779448;0,744028;-0,0397048;-58,7464;-194,579;;;;208;0,990189;0,000585049;0,577069;-0,126862;-167,486;-2619,84
;209;0,555497;0,00774472;0,744787;-0,0394441;-58,5634;-194,577;;;;209;0,990104;0,000586895;0,577012;-0,126904;-167,478;-2612,94
;210;0,554443;0,00769541;0,745543;-0,0391855;-5,8381;-194,576;;;;210;0,990018;0,000588723;0,576955;-0,126946;-,167;-2606,15
;211;0,553396;0,00764655;0,746297;-0,0389287;-58,1994;-194,574;;;;211;0,989932;0,000590532;0,5769;-0,126987;-167,461;-2599,47
;212;0,552356;0,00759814;0,747048;-0,0386739;-58,0184;-194,572;;;;212;0,989846;0,000592322;0,576845;-0,127027;-167,453;-2592,89
;213;0,551322;0,00755017;0,747796;-0,038421;-57,838;-194,571;;;;213;0,989759;0,000594094;0,576791;-0,127067;-167,445;-2586,42
;214;0,550294;0,00750263;0,748542;-0,03817;-57,6584;-194,569;;;;214;0,989673;0,000595848;0,576737;-0,127106;-167,436;-2580,04
;215;0,549273;0,00745552;0,749285;-0,0379208;-57,4794;-194,567;;;;215;0,989586;0,000597583;0,576685;-0,127144;-167,427;-2573,77
;216;0,548258;0,00740884;0,750026;-0,0376735;-57,3011;-194,566;;;;216;0,989498;0,000599299;0,576633;-0,127182;-167,419;-2567,59
;217;0,547249;0,00736257;0,750764;-0,037428;-57,1234;-194,564;;;;217;0,989411;0,000600998;0,576583;-0,127219;-,167;-2561,51
;218;0,546246;0,00731672;0,751499;-0,0371843;-56,9464;-194,563;;;;218;0,989323;0,000602678;0,576533;-0,127256;-167,401;-2555,53
;219;0,54525;0,00727128;0,752232;-0,0369425;-56,7701;-194,561;;;;219;0,989235;0,000604339;0,576483;-0,127292;-167,392;-2549,64
;220;0,544259;0,00722624;0,752962;-0,0367024;-56,5943;-194,559;;;;220;0,989147;0,000605983;0,576435;-0,127328;-167,383;-2543,85
;221;0,543275;0,00718159;0,75369;-0,0364641;-56,4193;-194,558;;;;221;0,989059;0,000607608;0,576388;-0,127363;-167,374;-2538,14
;222;0,542296;0,00713735;0,754415;-0,0362275;-56,2449;-194,556;;;;222;0,98897;0,000609216;0,576341;-0,127397;-167,365;-2532,53
;223;0,541324;0,00709349;0,755138;-0,0359927;-56,0711;-194,555;;;;223;0,988882;0,000610805;0,576295;-0,127431;-167,356;-2527
;224;0,540357;0,00705002;0,755859;-0,0357596;-55,898;-194,553;;;;224;0,988793;0,000612376;0,576249;-0,127464;-167,346;-2521,56
;225;0,539396;0,00700692;0,756576;-0,0355282;-55,7254;-194,552;;;;225;0,988704;0,00061393;0,576205;-0,127497;-167,337;-2516,21
;226;0,538441;0,00696421;0,757292;-0,0352985;-55,5536;-,195;;;;226;0,988614;0,000615466;0,576161;-0,127529;-167,327;-2510,94
;227;0,537491;0,00692186;0,758005;-0,0350704;-55,3823;-194,549;;;;227;0,988525;0,000616984;0,576118;-0,127561;-167,318;-2505,75
;228;0,536547;0,00687988;0,758715;-0,0348441;-55,2117;-194,547;;;;228;0,988435;0,000618484;0,576076;-0,127592;-167,308;-2500,65
;229;0,535609;0,00683827;0,759423;-0,0346194;-55,0417;-194,546;;;;229;0,988345;0,000619966;0,576035;-0,127622;-167,298;-2495,63
;230;0,534676;0,00679701;0,760129;-0,0343963;-54,8723;-194,544;;;;230;0,988255;0,000621431;0,575994;-0,127652;-167,289;-2490,68
;231;0,533749;0,00675611;0,760832;-0,0341748;-54,7035;-194,543;;;;231;0,988165;0,000622879;0,575954;-0,127682;-167,279;-2485,82
;232;0,532827;0,00671556;0,761532;-0,033955;-54,5354;-194,541;;;;232;0,988074;0,000624309;0,575914;-0,127711;-167,269;-2481,03
;233;0,531911;0,00667535;0,762231;-0,0337367;-54,3678;-,195;;;;233;0,987983;0,000625722;0,575876;-0,127739;-167,259;-2476,32
;234;0,531;0,00663549;0,762927;-0,03352;-54,2009;-194,538;;;;234;0,987892;0,000627117;0,575838;-0,127767;-167,249;-2471,68
;235;0,530095;0,00659596;0,76362;-0,0333049;-54,0346;-194,537;;;;235;0,987801;0,000628496;0,575801;-0,127794;-167,239;-2467,12
;236;0,529194;0,00655677;0,764312;-0,0330913;-53,8688;-194,536;;;;236;0,98771;0,000629857;0,575764;-0,127821;-167,229;-2462,63
;237;0,528299;0,00651791;0,765001;-0,0328793;-53,7037;-194,534;;;;237;0,987619;0,000631201;0,575728;-0,127848;-167,218;-2458,22
;238;0,527856;0,00649869;0,765343;-0,0327743;-53,6217;-194,534;;;;238;0,987527;0,000632529;0,575693;-0,127874;-167,208;-2453,87
;239;0,526969;0,00646031;0,766028;-0,0325646;-53,4575;-194,532;;;;239;0,987435;0,000633839;0,575659;-0,127899;-167,198;-2449,59
;240;0,526086;0,00642226;0,766711;-0,0323563;-53,2938;-194,531;;;;240;0,987343;0,000635133;0,575625;-0,127924;-167,187;-2445,38
;241;0,525209;0,00638453;0,767392;-0,0321496;-53,1307;-194,529;;;;241;0,987251;0,00063641;0,575592;-0,127948;-167,177;-2441,24
;242;0,524337;0,00634711;0,76807;-0,0319443;-52,9682;-194,528;;;;242;0,987159;0,00063767;0,57556;-0,127972;-167,166;-2437,17
;243;0,52347;0,00631;0,768747;-0,0317405;-52,8063;-194,527;;;;243;0,987067;0,000638914;0,575528;-0,127996;-167,156;-2433,16
;244;0,522608;0,0062732;0,769421;-0,0315381;-52,645;-194,525;;;;244;0,986974;0,000640142;0,575497;-0,128019;-167,145;-2429,22
;245;0,521751;0,0062367;0,770092;-0,0313372;-52,4843;-194,524;;;;245;0,986881;0,000641353;0,575466;-0,128041;-167,134;-2425,34
;246;0,520899;0,0062005;0,770762;-0,0311377;-52,3241;-194,523;;;;246;0,986788;0,000642548;0,575436;-0,128063;-167,124;-2421,53
;247;0,520052;0,0061646;0,771429;-0,0309397;-52,1645;-194,521;;;;247;0,986695;0,000643727;0,575407;-0,128085;-167,113;-2417,77
;248;0,519209;0,00612899;0,772094;-0,030743;-52,0054;-,195;;;;248;0,986602;0,00064489;0,575378;-0,128106;-167,102;-2414,08
;249;0,518372;0,00609367;0,772757;-0,0305478;-51,847;-194,519;;;;249;0,986509;0,000646037;0,57535;-0,128126;-167,091;-2410,45
;250;0,517539;0,00605864;0,773417;-0,0303539;-51,6891;-194,518;;;;250;0,986415;0,000647169;0,575323;-0,128147;-,167;-2406,88
;251;0,51671;0,0060239;0,774075;-0,0301614;-51,5317;-194,516;;;;251;0,986322;0,000648284;0,575296;-0,128166;-167,069;-2403,37
;252;0,515887;0,00598943;0,774732;-0,0299702;-51,3749;-194,515;;;;252;0,986228;0,000649384;0,57527;-0,128186;-167,058;-2399,91
;253;0,515068;0,00595525;0,775385;-0,0297805;-51,2187;-194,514;;;;253;0,986134;0,000650468;0,575244;-0,128205;-167,047;-2396,51
;254;0,514253;0,00592134;0,776037;-0,029592;-51,063;-194,513;;;;254;0,98604;0,000651537;0,575219;-0,128223;-167,035;-2393,17
;255;0,513443;0,0058877;0,776687;-0,0294049;-50,9079;-194,511;;;;255;0,985946;0,00065259;0,575195;-0,128241;-167,024;-2389,89
;256;0,512638;0,00585433;0,777334;-0,0292191;-50,7533;-,195;;;;256;0,985851;0,000653629;0,575171;-0,128259;-167,013;-2386,65
;257;0,511837;0,00582122;0,77798;-0,0290346;-50,5993;-194,509;;;;257;0,985757;0,000654652;0,575148;-0,128276;-167,001;-2383,48
;258;0,511041;0,00578838;0,778623;-0,0288514;-50,4458;-194,508;;;;258;0,985662;0,00065566;0,575125;-0,128293;-,167;-2380,35
;259;0,510249;0,0057558;0,779264;-0,0286694;-50,2928;-194,507;;;;259;0,985568;0,000656653;0,575103;-0,128309;-166,978;-2377,28
;260;0,509461;0,00572348;0,779903;-0,0284888;-50,1404;-194,505;;;;260;0,985473;0,000657631;0,575082;-0,128325;-166,967;-2374,26
;261;0,508678;0,00569141;0,78054;-0,0283094;-49,9885;-194,504;;;;261;0,985378;0,000658595;0,575061;-0,12834;-166,955;-2371,29
;262;0,507899;0,00565959;0,781174;-0,0281313;-49,8371;-194,503;;;;262;0,985283;0,000659544;0,57504;-0,128356;-166,944;-2368,37
;263;0,507124;0,00562803;0,781807;-0,0279544;-49,6863;-194,502;;;;263;0,985187;0,000660478;0,57502;-0,12837;-166,932;-2365,51
;264;0,506354;0,00559671;0,782438;-0,0277787;-49,536;-194,501;;;;264;0,985092;0,000661398;0,575001;-0,128385;-,167;-2362,69
;265;0,505588;0,00556564;0,783066;-0,0276043;-49,3863;-,195;;;;265;0,984997;0,000662304;0,574982;-0,128399;-166,908;-2359,92
;266;0,504826;0,0055348;0,783692;-0,0274311;-49,237;-194,498;;;;266;0,984901;0,000663195;0,574964;-0,128412;-166,897;-2357,19
;267;0,504068;0,00550421;0,784317;-0,027259;-49,0883;-194,497;;;;267;0,984805;0,000664072;0,574946;-0,128425;-166,885;-2354,52
;268;0,503314;0,00547385;0,784939;-0,0270882;-48,9401;-194,496;;;;268;0,98471;0,000664936;0,574929;-0,128438;-166,873;-2351,89
;269;0,502564;0,00544373;0,785559;-0,0269186;-48,7924;-194,495;;;;269;0,984614;0,000665785;0,574912;-0,12845;-166,861;-2349,3
;270;0,501819;0,00541384;0,786178;-0,0267501;-48,6452;-194,494;;;;270;0,984518;0,000666621;0,574896;-0,128462;-166,849;-2346,76
;271;0,501077;0,00538418;0,786794;-0,0265828;-48,4985;-194,493;;;;271;0,984421;0,000667443;0,57488;-0,128474;-166,837;-2344,27
;272;0,500339;0,00535475;0,787408;-0,0264167;-48,3524;-194,492;;;;272;0,984325;0,000668251;0,574865;-0,128485;-166,825;-2341,82
;273;0,499606;0,00532554;0,788021;-0,0262517;-48,2067;-194,491;;;;273;0,984229;0,000669046;0,57485;-0,128496;-166,812;-2339,41
;274;0,498876;0,00529655;0,788631;-0,0260878;-48,0616;-,194;;;;274;0,984133;0,000669827;0,574835;-0,128507;-,167;-2337,05
;275;0,49815;0,00526778;0,789239;-0,0259251;-47,917;-194,488;;;;275;0,984036;0,000670595;0,574822;-0,128517;-166,788;-2334,72
;276;0,497428;0,00523924;0,789845;-0,0257634;-47,7728;-194,487;;;;276;0,983939;0,00067135;0,574808;-0,128527;-166,776;-2332,44
;277;0,49671;0,00521091;0,79045;-0,0256029;-476,292;-194,486;;;;277;0,983843;0,000672092;0,574795;-0,128536;-166,763;-2330,2
;278;0,495996;0,00518279;0,791052;-0,0254435;-47,486;-194,485;;;;278;0,983746;0,000672821;0,574783;-0,128546;-166,751;-2328,01
;279;0,495285;0,00515488;0,791653;-0,0252852;-47,3434;-194,484;;;;279;0,983649;0,000673538;0,574771;-0,128554;-166,739;-2325,85
;280;0,494578;0,00512718;0,792251;-0,025128;-47,2012;-194,483;;;;280;0,983552;0,000674241;0,57476;-0,128563;-166,726;-2323,73
;281;0,493875;0,00509969;0,792848;-0,0249718;-47,0595;-194,482;;;;281;0,983455;0,000674932;0,574749;-0,128571;-166,714;-2321,65
;282;0,493176;0,00507241;0,793442;-0,0248168;-46,9183;-194,481;;;;282;0,983358;0,00067561;0,574738;-0,128579;-166,701;-2319,61
;283;0,492481;0,00504532;0,794035;-0,0246627;-46,7776;-,194;;;;283;0,983261;0,000676276;0,574728;-0,128586;-166,689;-2317,6
;284;0,491789;0,00501844;0,794626;-0,0245097;-46,6374;-194,479;;;;284;0,983163;0,000676929;0,574718;-0,128593;-166,676;-2315,64
;285;0,4911;0,00499176;0,795215;-0,0243578;-46,4976;-194,478;;;;285;0,983066;0,000677571;0,574709;-0,1286;-166,664;-2313,71
;286;0,490416;0,00496527;0,795802;-0,0242069;-46,3584;-194,477;;;;286;0,982968;0,0006782;0,5747;-0,128607;-166,651;-2311,81
;287;0,489734;0,00493898;0,796387;-0,024057;-46,2196;-194,476;;;;287;0,982871;0,000678817;0,574692;-0,128613;-166,638;-2309,96
;288;0,489057;0,00491289;0,79697;-0,0239082;-46,0813;-194,475;;;;288;0,982773;0,000679422;0,574684;-0,128619;-166,626;-2308,13
;289;0,488383;0,00488698;0,797552;-0,0237603;-45,9434;-194,474;;;;289;0,982676;0,000680016;0,574677;-0,128624;-166,613;-2306,35
;290;0,487712;0,00486127;0,798131;-0,0236135;-45,8061;-194,473;;;;290;0,982578;0,000680597;0,57467;-0,12863;-,167;-2304,6
;291;0,487045;0,00483574;0,798709;-0,0234676;-45,6692;-194,472;;;;291;0,98248;0,000681168;0,574663;-0,128635;-166,587;-2302,88
;292;0,486381;0,0048104;0,799285;-0,0233228;-45,5327;-194,471;;;;292;0,982382;0,000681726;0,574657;-0,128639;-166,574;-2301,19
;293;0,485721;0,00478524;0,799859;-0,0231789;-45,3968;-,194;;;;293;0,982284;0,000682274;0,574651;-0,128644;-166,561;-2299,54
;294;0,485064;0,00476026;0,800431;-0,023036;-45,2612;-194,469;;;;294;0,982186;0,00068281;0,574645;-0,128648;-166,549;-2297,93
;295;0,484411;0,00473546;0,801001;-0,022894;-45,1262;-194,468;;;;295;0,982088;0,000683334;0,57464;-0,128651;-166,536;-2296,34
;296;0,483761;0,00471084;0,80157;-0,022753;-44,9916;-194,468;;;;296;0,98199;0,000683848;0,574635;-0,128655;-166,523;-2294,79
;297;0,483114;0,0046864;0,802137;-0,022613;-44,8575;-194,467;;;;297;0,981892;0,000684351;0,574631;-0,128658;-,167;-2293,27
;298;0,48247;0,00466214;0,802701;-0,0224739;-44,7238;-194,466;;;;298;0,981793;0,000684843;0,574627;-0,128661;-166,497;-2291,77
;299;0,48183;0,00463805;0,803265;-0,0223357;-44,5905;-194,465;;;;299;0,981695;0,000685324;0,574624;-0,128664;-166,483;-2290,32
;300;0,481193;0,00461413;0,803826;-0,0221985;-44,4578;-194,464;;;;300;0,981597;0,000685794;0,57462;-0,128666;-,166;-2288,89
;301;0,48056;0,00459038;0,804386;-0,0220621;-44,3254;-194,463;;;;301;0,981498;0,000686254;0,574618;-0,128668;-166,457;-2287,49
;302;0,479929;0,0045668;0,804943;-0,0219267;-44,1935;-194,462;;;;302;0,9814;0,000686703;0,574615;-0,12867;-166,444;-2286,12
;303;0,479302;0,00454338;0,805499;-0,0217922;-44,0621;-194,461;;;;303;0,981301;0,000687142;0,574613;-0,128671;-166,431;-2284,78
;304;0,478678;0,00452013;0,806054;-0,0216586;-43,9311;-,194;;;;304;0,981202;0,000687571;0,574611;-0,128673;-166,418;-2283,46
;305;0,478057;0,00449705;0,806606;-0,0215259;-43,8005;-194,459;;;;305;0,981104;0,000687989;0,57461;-0,128674;-166,404;-2282,18
;306;0,477439;0,00447412;0,807157;-0,0213941;-43,6704;-194,459;;;;306;0,981005;0,000688398;0,574609;-0,128674;-166,391;-2280,93
;307;0,476824;0,00445136;0,807706;-0,0212631;-43,5407;-194,458;;;;307;0,980906;0,000688796;0,574608;-0,128675;-166,378;-2279,7
;308;0,476212;0,00442876;0,808253;-0,0211331;-43,4115;-194,457;;;;308;0,980807;0,000689185;0,574608;-0,128675;-166,364;-2278,5
;309;0,475604;0,00440632;0,808799;-0,0210039;-43,2827;-194,456;;;;309;0,980708;0,000689563;0,574608;-0,128675;-166,351;-2277,33
;310;0,474998;0,00438403;0,809343;-0,0208755;-43,1543;-194,455;;;;310;0,98061;0,000689933;0,574608;-0,128675;-166,338;-2276,18
;311;0,474395;0,00436189;0,809885;-0,020748;-43,0264;-194,454;;;;311;0,980511;0,000690292;0,574609;-0,128674;-166,324;-2275,06
;312;0,473796;0,00433991;0,810425;-0,0206214;-42,8988;-194,453;;;;312;0,980412;0,000690642;0,57461;-0,128674;-166,311;-2273,97
;313;0,473199;0,00431809;0,810964;-0,0204956;-42,7717;-194,453;;;;313;0,980313;0,000690982;0,574612;-0,128673;-166,297;-2272,9
;314;0,472606;0,00429641;0,811501;-0,0203706;-42,6451;-194,452;;;;314;0,980214;0,000691314;0,574613;-0,128671;-166,284;-2271,86
;315;0,472015;0,00427488;0,812037;-0,0202464;-42,5188;-194,451;;;;315;0,980114;0,000691635;0,574615;-0,12867;-,166;-2270,84
;316;0,471427;0,0042535;0,81257;-0,0201231;-42,393;-,194;;;;316;0,980015;0,000691948;0,574618;-0,128668;-166,257;-2269,85
;317;0,470842;0,00423227;0,813102;-0,0200006;-42,2676;-194,449;;;;317;0,979916;0,000692252;0,57462;-0,128666;-166,243;-2268,88
;318;0,47026;0,00421118;0,813633;-0,0198789;-42,1426;-194,449;;;;318;0,979817;0,000692547;0,574623;-0,128664;-,166;-2267,93
;319;0,469681;0,00419023;0,814162;-0,019758;-42,018;-194,448;;;;319;0,979718;0,000692833;0,574626;-0,128662;-166,216;-2267,01
;320;0,469105;0,00416943;0,814689;-0,0196379;-41,8938;-194,447;;;;320;0,979618;0,00069311;0,57463;-0,128659;-166,202;-2266,12
;321;0,468531;0,00414877;0,815214;-0,0195186;-41,7701;-194,446;;;;321;0,979519;0,000693379;0,574634;-0,128656;-166,189;-2265,25
;322;0,467961;0,00412825;0,815738;-0,0194001;-41,6468;-194,445;;;;322;0,97942;0,000693638;0,574638;-0,128653;-166,175;-2264,39
;323;0,467393;0,00410787;0,81626;-0,0192823;-41,5238;-194,445;;;;323;0,97932;0,00069389;0,574642;-0,12865;-166,161;-2263,57
;324;0,466828;0,00408762;0,816781;-0,0191654;-41,4013;-194,444;;;;324;0,979221;0,000694133;0,574647;-0,128646;-166,148;-2262,76
;325;0,466265;0,00406751;0,8173;-0,0190492;-41,2792;-194,443;;;;325;0,979122;0,000694368;0,574652;-0,128643;-166,134;-2261,98
;326;0,465705;0,00404754;0,817817;-0,0189337;-41,1575;-194,442;;;;326;0,979022;0,000694594;0,574657;-0,128639;-,166;-2261,22
;327;0,465149;0,0040277;0,818333;-0,018819;-41,0362;-194,442;;;;327;0,978923;0,000694812;0,574663;-0,128635;-166,106;-2260,48
;328;0,464594;0,00400799;0,818847;-0,0187051;-40,9152;-194,441;;;;328;0,978823;0,000695023;0,574669;-0,12863;-166,093;-2259,76
;329;0,464043;0,00398842;0,819359;-0,0185919;-40,7947;-,194;;;;329;0,978724;0,000695225;0,574675;-0,128626;-166,079;-2259,06
;330;0,463494;0,00396897;0,81987;-0,0184794;-40,6746;-194,439;;;;330;0,978624;0,000695419;0,574681;-0,128621;-166,065;-2258,39
;331;0,462947;0,00394966;0,82038;-0,0183677;-40,5549;-194,439;;;;331;0,978525;0,000695606;0,574688;-0,128616;-166,051;-2257,73
;332;0,462404;0,00393047;0,820887;-0,0182568;-40,4356;-194,438;;;;332;0,978425;0,000695785;0,574695;-0,128611;-166,037;-2257,1
;333;0,461863;0,00391141;0,821394;-0,0181465;-40,3166;-194,437;;;;333;0,978326;0,000695956;0,574702;-0,128606;-166,023;-2256,48
;334;0,461324;0,00389247;0,821898;-0,0180369;-40,1981;-194,436;;;;334;0,978226;0,000696119;0,57471;-0,1286;-166,009;-2255,88
;335;0,460788;0,00387366;0,822401;-0,0179281;-40,0799;-194,436;;;;335;0,978126;0,000696276;0,574717;-0,128594;-165,995;-2255,31
;336;0,460255;0,00385497;0,822903;-0,01782;-39,9622;-194,435;;;;336;0,978027;0,000696424;0,574725;-0,128588;-165,981;-2254,75
;337;0,459724;0,00383641;0,823403;-0,0177126;-39,8448;-194,434;;;;337;0,977927;0,000696566;0,574733;-0,128582;-165,967;-2254,21
;338;0,459196;0,00381797;0,823901;-0,0176059;-39,7278;-194,434;;;;338;0,977827;0,0006967;0,574742;-0,128576;-165,954;-2253,69
;339;0,45867;0,00379964;0,824398;-0,0174998;-39,6112;-194,433;;;;339;0,977728;0,000696827;0,574751;-0,12857;-,166;-2253,19
;340;0,458147;0,00378144;0,824894;-0,0173945;-39,495;-194,432;;;;340;0,977628;0,000696947;0,57476;-0,128563;-165,925;-2252,71
;341;0,457626;0,00376335;0,825387;-0,0172898;-39,3791;-194,431;;;;341;0,977528;0,00069706;0,574769;-0,128556;-165,911;-2252,25
;342;0,457108;0,00374538;0,82588;-0,0171859;-39,2636;-194,431;;;;342;0,977429;0,000697166;0,574778;-0,128549;-165,897;-2251,8
;343;0,456592;0,00372753;0,826371;-0,0170825;-39,1486;-,194;;;;343;0,977329;0,000697265;0,574788;-0,128542;-165,883;-2251,37
;344;0,456078;0,00370979;0,82686;-0,0169799;-39,0338;-194,429;;;;344;0,977229;0,000697358;0,574798;-0,128535;-165,869;-2250,96
;345;0,455567;0,00369217;0,827348;-0,0168779;-38,9195;-194,429;;;;345;0,97713;0,000697444;0,574808;-0,128527;-165,855;-2250,57
;346;0,455058;0,00367466;0,827834;-0,0167766;-38,8055;-194,428;;;;346;0,97703;0,000697523;0,574818;-0,12852;-165,841;-2250,19
;347;0,454552;0,00365726;0,828319;-0,0166759;-38,6919;-194,427;;;;347;0,97693;0,000697595;0,574829;-0,128512;-165,827;-2249,83
;348;0,454048;0,00363998;0,828802;-0,0165759;-38,5787;-194,427;;;;348;0,97683;0,000697662;0,57484;-0,128504;-165,813;-2249,49
;349;0,453546;0,0036228;0,829284;-0,0164766;-38,4658;-194,426;;;;349;0,976731;0,000697721;0,574851;-0,128496;-165,799;-2249,17
;350;0,453047;0,00360574;0,829765;-0,0163778;-38,3533;-194,425;;;;350;0,976631;0,000697775;0,574862;-0,128487;-165,784;-2248,86
;351;0,45255;0,00358878;0,830244;-0,0162797;-38,2412;-194,425;;;;351;0,976531;0,000697822;0,574873;-0,128479;-,166;-2248,56
;352;0,452056;0,00357193;0,830721;-0,0161823;-38,1294;-194,424;;;;352;0,976431;0,000697863;0,574885;-0,12847;-165,756;-2248,28
;353;0,451563;0,00355519;0,831197;-0,0160854;-38,018;-194,423;;;;353;0,976332;0,000697898;0,574897;-0,128461;-165,742;-2248,02
;354;0,451073;0,00353855;0,831672;-0,0159892;-37,907;-194,423;;;;354;0,976232;0,000697927;0,574909;-0,128453;-165,728;-2247,77
;355;0,450585;0,00352202;0,832145;-0,0158936;-37,7963;-194,422;;;;355;0,976132;0,00069795;0,574921;-0,128443;-165,713;-2247,54
;356;0,4501;0,00350559;0,832616;-0,0157986;-37,686;-194,422;;;;356;0,976033;0,000697967;0,574934;-0,128434;-165,699;-2247,33
;357;0,449617;0,00348926;0,833087;-0,0157043;-37,576;-194,421;;;;357;0,975933;0,000697978;0,574946;-0,128425;-165,685;-2247,12
;358;0,449136;0,00347304;0,833556;-0,0156105;-37,4664;-,194;;;;358;0,975833;0,000697984;0,574959;-0,128415;-165,671;-2246,94
;359;0,448657;0,00345692;0,834023;-0,0155173;-37,3571;-,194;;;;359;0,975733;0,000697984;0,574972;-0,128406;-165,656;-2246,76
;360;0,44818;0,0034409;0,834489;-0,0154247;-37,2482;-194,419;;;;360;0,975634;0,000697978;0,574986;-0,128396;-165,642;-2246,61
;361;0,447705;0,00342498;0,834954;-0,0153327;-37,1397;-194,419;;;;361;0,975534;0,000697966;0,574999;-0,128386;-165,628;-2246,46
;362;0,447233;0,00340915;0,835417;-0,0152413;-37,0315;-194,418;;;;362;0,975434;0,00069795;0,575013;-0,128376;-165,613;-2246,33
;363;0,446763;0,00339343;0,835878;-0,0151505;-36,9236;-194,417;;;;363;0,975335;0,000697927;0,575027;-0,128366;-165,599;-2246,22
;364;0,446295;0,0033778;0,836339;-0,0150603;-36,8161;-194,417;;;;364;0,975235;0,0006979;0,575041;-0,128355;-165,585;-2246,12
;365;0,445829;0,00336227;0,836798;-0,0149706;-36,709;-194,416;;;;365;0,975135;0,000697867;0,575055;-0,128345;-,166;-2246,03
;366;0,445365;0,00334684;0,837255;-0,0148815;-36,6021;-194,416;;;;366;0,975036;0,000697829;0,575069;-0,128334;-165,556;-2245,95
;367;0,444904;0,0033315;0,837712;-0,014793;-36,4957;-194,415;;;;367;0,974936;0,000697785;0,575084;-0,128323;-165,541;-2245,89
;368;0,444444;0,00331625;0,838166;-0,014705;-36,3895;-194,414;;;;368;0,974836;0,000697737;0,575099;-0,128312;-165,527;-2245,84
;369;0,443986;0,0033011;0,83862;-0,0146176;-36,2837;-194,414;;;;369;0,974737;0,000697684;0,575114;-0,128301;-165,513;-2245,8
;370;0,443531;0,00328604;0,839072;-0,0145308;-36,1783;-194,413;;;;370;0,974637;0,000697625;0,575129;-0,12829;-165,498;-2245,78
;371;0,443078;0,00327108;0,839523;-0,0144445;-36,0732;-194,413;;;;371;0,974537;0,000697562;0,575144;-0,128279;-165,484;-2245,77
;372;0,442626;0,0032562;0,839972;-0,0143587;-35,9684;-194,412;;;;372;0,974438;0,000697494;0,575159;-0,128267;-165,469;-2245,77
;373;0,442177;0,00324142;0,84042;-0,0142735;-35,8639;-194,412;;;;373;0,974338;0,000697421;0,575175;-0,128256;-165,455;-2245,79
;374;0,44173;0,00322672;0,840867;-0,0141889;-35,7598;-194,411;;;;374;0,974239;0,000697343;0,575191;-0,128244;-165,441;-2245,81
;375;0,441284;0,00321211;0,841312;-0,0141047;-35,656;-,194;;;;375;0,974139;0,000697261;0,575207;-0,128233;-165,426;-2245,85
;376;0,440841;0,0031976;0,841756;-0,0140211;-35,5526;-,194;;;;376;0,97404;0,000697174;0,575223;-0,128221;-165,412;-2245,9
;377;0,4404;0,00318316;0,842198;-0,0139381;-35,4495;-194,409;;;;377;0,97394;0,000697082;0,575239;-0,128209;-165,397;-2245,96
;378;0,43996;0,00316882;0,84264;-0,0138555;-35,3467;-194,409;;;;378;0,973841;0,000696986;0,575255;-0,128197;-165,383;-2246,04
;379;0,439523;0,00315456;0,84308;-0,0137735;-35,2442;-194,408;;;;379;0,973741;0,000696885;0,575272;-0,128184;-165,368;-2246,12
;380;0,439087;0,00314039;0,843518;-0,013692;-35,1421;-194,408;;;;380;0,973642;0,00069678;0,575289;-0,128172;-165,354;-2246,22
;381;0,438654;0,0031263;0,843956;-0,013611;-35,0403;-194,407;;;;381;0,973542;0,000696671;0,575305;-0,12816;-165,339;-2246,32
;382;0,438222;0,0031123;0,844392;-0,0135305;-34,9388;-194,407;;;;382;0,973443;0,000696558;0,575322;-0,128147;-165,325;-2246,44
;383;0,437793;0,00309838;0,844826;-0,0134505;-34,8376;-194,406;;;;383;0,973344;0,00069644;0,57534;-0,128134;-,165;-2246,57
;384;0,437365;0,00308454;0,84526;-0,013371;-34,7368;-194,406;;;;384;0,973244;0,000696318;0,575357;-0,128122;-165,296;-2246,71
;385;0,436939;0,00307079;0,845692;-0,0132921;-34,6363;-194,405;;;;385;0,973145;0,000696192;0,575374;-0,128109;-165,281;-2246,86
;386;0,436515;0,00305712;0,846123;-0,0132136;-34,5361;-194,404;;;;386;0,973046;0,000696062;0,575392;-0,128096;-165,267;-2247,02
;387;0,436093;0,00304352;0,846552;-0,0131356;-34,4362;-194,404;;;;387;0,972946;0,000695928;0,57541;-0,128083;-165,252;-2247,19
;388;0,435672;0,00303001;0,846981;-0,0130581;-34,3366;-194,403;;;;388;0,972847;0,00069579;0,575428;-0,12807;-165,237;-2247,38
;389;0,435254;0,00301658;0,847408;-0,0129811;-34,2374;-194,403;;;;389;0,972748;0,000695648;0,575446;-0,128056;-165,223;-2247,57
;390;0,434837;0,00300323;0,847833;-0,0129045;-34,1384;-194,402;;;;390;0,972649;0,000695502;0,575464;-0,128043;-165,208;-2247,77
;391;0,434422;0,00298995;0,848258;-0,0128285;-34,0398;-194,402;;;;391;0,972549;0,000695352;0,575482;-0,128029;-165,194;-2247,98
;392;0,434009;0,00297676;0,848681;-0,0127529;-33,9415;-194,401;;;;392;0,97245;0,000695198;0,5755;-0,128016;-165,179;-2248,2
;393;0,433598;0,00296364;0,849103;-0,0126778;-33,8435;-194,401;;;;393;0,972351;0,000695041;0,575519;-0,128002;-165,165;-2248,43
;394;0,433189;0,00295059;0,849523;-0,0126032;-33,7458;-,194;;;;394;0,972252;0,00069488;0,575538;-0,127988;-,165;-2248,67
;395;0,432781;0,00293763;0,849943;-0,012529;-33,6484;-,194;;;;395;0,972153;0,000694716;0,575556;-0,127975;-165,135;-2248,92
;396;0,432375;0,00292473;0,850361;-0,0124553;-33,5513;-194,399;;;;396;0,972054;0,000694548;0,575575;-0,127961;-165,121;-2249,18
;397;0,431971;0,00291192;0,850778;-0,0123821;-33,4546;-194,399;;;;397;0,971955;0,000694376;0,575594;-0,127947;-165,106;-2249,45
;398;0,431569;0,00289918;0,851194;-0,0123093;-33,3581;-194,399;;;;398;0,971856;0,000694201;0,575613;-0,127932;-165,092;-2249,73
;399;0,431168;0,00288651;0,851608;-0,012237;-33,2619;-194,398;;;;399;0,971757;0,000694023;0,575633;-0,127918;-165,077;-2250,02
;400;0,430769;0,00287391;0,852021;-0,0121651;-33,1661;-194,398;;;;400;0,971658;0,000693841;0,575652;-0,127904;-165,062;-2250,31
;401;0,430372;0,00286139;0,852433;-0,0120936;-33,0705;-194,397;;;;401;0,971559;0,000693656;0,575672;-0,12789;-165,048;-2250,62
;402;0,429977;0,00284894;0,852844;-0,0120227;-32,9753;-194,397;;;;402;0,97146;0,000693467;0,575691;-0,127875;-165,033;-2250,93
;403;0,429583;0,00283656;0,853253;-0,0119521;-32,8803;-194,396;;;;403;0,971361;0,000693276;0,575711;-0,12786;-165,018;-2251,25
;404;0,429191;0,00282425;0,853662;-0,011882;-32,7857;-194,396;;;;404;0,971262;0,000693081;0,575731;-0,127846;-165,004;-2251,58
;405;0,428801;0,00281201;0,854069;-0,0118123;-32,6913;-194,395;;;;405;0,971164;0,000692883;0,575751;-0,127831;-164,989;-2251,92
;406;0,428412;0,00279984;0,854475;-0,0117431;-32,5972;-194,395;;;;406;0,971065;0,000692682;0,575771;-0,127816;-164,974;-2252,27
;407;0,428025;0,00278775;0,854879;-0,0116743;-32,5035;-194,394;;;;407;0,970966;0,000692477;0,575791;-0,127801;-,165;-2252,62
;408;0,42764;0,00277572;0,855283;-0,0116059;-32,41;-194,394;;;;408;0,970867;0,00069227;0,575811;-0,127787;-164,945;-2252,99
;409;0,427256;0,00276375;0,855685;-0,0115379;-32,3168;-194,393;;;;409;0,970769;0,00069206;0,575832;-0,127771;-,165;-2253,36
;410;0,426874;0,00275186;0,856086;-0,0114704;-32,2239;-194,393;;;;410;0,97067;0,000691846;0,575852;-0,127756;-164,916;-2253,74
;411;0,426494;0,00274003;0,856486;-0,0114033;-32,1313;-194,393;;;;411;0,970571;0,00069163;0,575873;-0,127741;-164,901;-2254,12
;412;0,426115;0,00272827;0,856885;-0,0113366;-32,039;-194,392;;;;412;0,970473;0,000691411;0,575894;-0,127726;-164,886;-2254,52
;413;0,425737;0,00271658;0,857282;-0,0112703;-31,947;-194,392;;;;413;0,970374;0,000691189;0,575914;-0,127711;-164,872;-2254,92
;414;0,425362;0,00270495;0,857679;-0,0112044;-31,8552;-194,391;;;;414;0,970276;0,000690965;0,575935;-0,127695;-164,857;-2255,33
;415;0,424988;0,00269339;0,858074;-0,0111389;-31,7638;-194,391;;;;415;0,970177;0,000690737;0,575956;-0,12768;-164,842;-2255,74
;416;0,424615;0,0026819;0,858468;-0,0110739;-31,6726;-,194;;;;416;0,970079;0,000690507;0,575978;-0,127664;-164,828;-2256,17
;417;0,424244;0,00267046;0,858861;-0,0110092;-31,5817;-,194;;;;417;0,969981;0,000690275;0,575999;-0,127649;-164,813;-2256,6
;418;0,423875;0,00265909;0,859253;-0,0109449;-31,4911;-194,389;;;;418;0,969882;0,000690039;0,57602;-0,127633;-164,798;-2257,04
;419;0,423507;0,00264779;0,859643;-0,010881;-31,4008;-194,389;;;;419;0,969784;0,000689801;0,576042;-0,127617;-164,784;-2257,48
;420;0,423141;0,00263655;0,860033;-0,0108176;-31,3108;-194,389;;;;420;0,969686;0,000689561;0,576063;-0,127601;-164,769;-2257,94
;421;0,422777;0,00262537;0,860421;-0,0107545;-31,221;-194,388;;;;421;0,969587;0,000689318;0,576085;-0,127585;-164,754;-2258,4
;422;0,422413;0,00261425;0,860808;-0,0106918;-31,1316;-194,388;;;;422;0,969489;0,000689072;0,576106;-0,127569;-,165;-2258,86
;423;0,422052;0,00260319;0,861194;-0,0106294;-31,0424;-194,387;;;;423;0,969391;0,000688824;0,576128;-0,127553;-164,725;-2259,33
;424;0,421692;0,0025922;0,861579;-0,0105675;-30,9534;-194,387;;;;424;0,969293;0,000688574;0,57615;-0,127537;-,165;-2259,81
;425;0,421333;0,00258126;0,861963;-0,010506;-30,8648;-194,387;;;;425;0,969195;0,000688321;0,576172;-0,127521;-164,695;-2260,3
;426;0,420976;0,00257039;0,862345;-0,0104448;-30,7764;-194,386;;;;426;0,969097;0,000688066;0,576194;-0,127505;-164,681;-2260,79
;427;0,42062;0,00255958;0,862727;-0,010384;-30,6883;-194,386;;;;427;0,968999;0,000687808;0,576216;-0,127489;-164,666;-2261,29
;428;0,420266;0,00254882;0,863107;-0,0103236;-30,6005;-194,385;;;;428;0,968901;0,000687548;0,576238;-0,127472;-164,651;-2261,8
;429;0,419914;0,00253813;0,863487;-0,0102635;-30,513;-194,385;;;;429;0,968803;0,000687286;0,57626;-0,127456;-164,637;-2262,31
;430;0,419562;0,00252749;0,863865;-0,0102038;-30,4257;-194,385;;;;430;0,968705;0,000687022;0,576283;-0,12744;-164,622;-2262,83
;431;0,419213;0,00251691;0,864242;-0,0101445;-30,3387;-194,384;;;;431;0,968607;0,000686756;0,576305;-0,127423;-164,607;-2263,35
;432;0,418864;0,00250639;0,864618;-0,0100855;-30,252;-194,384;;;;432;0,968509;0,000686487;0,576328;-0,127406;-164,592;-2263,88
;433;0,418518;0,00249593;0,864992;-0,0100269;-30,1655;-194,383;;;;433;0,968411;0,000686217;0,57635;-0,12739;-164,578;-2264,42
;434;0,418172;0,00248552;0,865366;-0,00996871;-30,0793;-194,383;;;;434;0,968314;0,000685944;0,576373;-0,127373;-164,563;-2264,96
;435;0,417828;0,00247517;0,865739;-0,00991083;-29,9934;-194,383;;;;435;0,968216;0,000685669;0,576396;-0,127356;-164,548;-2265,51
;436;0,417486;0,00246487;0,86611;-0,0098533;-29,9077;-194,382;;;;436;0,968118;0,000685393;0,576419;-0,12734;-164,534;-2266,06
;437;0,417144;0,00245463;0,866481;-0,00979612;-29,8223;-194,382;;;;437;0,968021;0,000685114;0,576442;-0,127323;-164,519;-2266,62
;438;0,416805;0,00244445;0,86685;-0,00973929;-29,7371;-194,381;;;;438;0,967923;0,000684833;0,576465;-0,127306;-164,504;-2267,18
;439;0,416466;0,00243432;0,867219;-0,00968281;-29,6523;-194,381;;;;439;0,967826;0,00068455;0,576488;-0,127289;-164,489;-2267,76
;440;0,416129;0,00242425;0,867586;-0,00962667;-29,5676;-194,381;;;;440;0,967728;0,000684266;0,576511;-0,127272;-164,475;-2268,33
;441;0,415794;0,00241423;0,867952;-0,00957088;-29,4833;-,194;;;;441;0,967631;0,000683979;0,576534;-0,127255;-,164;-2268,91
;442;0,41546;0,00240426;0,868317;-0,00951542;-29,3992;-,194;;;;442;0,967533;0,000683691;0,576557;-0,127238;-164,445;-2269,5
;443;0,415127;0,00239435;0,868681;-0,00946031;-29,3153;-,194;;;;443;0,967436;0,000683401;0,576581;-0,127221;-164,431;-2270,09
;444;0,414795;0,00238449;0,869044;-0,00940552;-29,2318;-194,379;;;;444;0,967339;0,000683109;0,576604;-0,127204;-164,416;-2270,69
;445;0,414465;0,00237468;0,869406;-0,00935108;-29,1484;-194,379;;;;445;0,967241;0,000682816;0,576627;-0,127186;-164,401;-2271,29
;446;0,414136;0,00236493;0,869767;-0,00929696;-29,0654;-194,379;;;;446;0,967144;0,00068252;0,576651;-0,127169;-164,386;-2271,9
;447;0,413809;0,00235523;0,870127;-0,00924317;-28,9826;-194,378;;;;447;0,967047;0,000682223;0,576674;-0,127152;-164,372;-2272,51
;448;0,413483;0,00234558;0,870485;-0,00918971;-28,9;-194,378;;;;448;0,96695;0,000681925;0,576698;-0,127134;-164,357;-2273,13
;449;0,413158;0,00233598;0,870843;-0,00913658;-28,8177;-194,377;;;;449;0,966853;0,000681624;0,576722;-0,127117;-164,342;-2273,75
;450;0,412834;0,00232643;0,8712;-0,00908376;-28,7356;-194,377;;;;450;0,966756;0,000681322;0,576746;-0,1271;-164,327;-2274,38
;451;0,412512;0,00231693;0,871555;-0,00903127;-28,6538;-194,377;;;;451;0,966659;0,000681019;0,576769;-0,127082;-164,313;-2275,01
;452;0,412191;0,00230748;0,87191;-0,00897909;-28,5723;-194,376;;;;452;0,966562;0,000680714;0,576793;-0,127065;-164,298;-2275,64
;453;0,411872;0,00229808;0,872263;-0,00892723;-28,491;-194,376;;;;453;0,966465;0,000680407;0,576817;-0,127047;-164,283;-2276,29
;454;0,411554;0,00228873;0,872616;-0,00887569;-28,4099;-194,376;;;;454;0,966368;0,000680099;0,576841;-0,127029;-164,269;-2276,93
;455;0,411237;0,00227943;0,872967;-0,00882445;-28,3291;-194,375;;;;455;0,966271;0,000679789;0,576865;-0,127012;-164,254;-2277,58
;456;0,410921;0,00227018;0,873318;-0,00877353;-28,2486;-194,375;;;;456;0,966174;0,000679478;0,57689;-0,126994;-164,239;-2278,24
;457;0,410606;0,00226098;0,873667;-0,00872292;-28,1683;-194,375;;;;457;0,966077;0,000679166;0,576914;-0,126976;-164,224;-2278,9
;458;0,410293;0,00225182;0,874016;-0,00867261;-28,0882;-194,374;;;;458;0,965981;0,000678852;0,576938;-0,126958;-,164;-2279,56
;459;0,409981;0,00224272;0,874363;-0,00862261;-28,0084;-194,374;;;;459;0,965884;0,000678536;0,576962;-0,126941;-164,195;-2280,23
;460;0,409671;0,00223366;0,87471;-0,0085729;-27,9288;-194,374;;;;460;0,965788;0,000678219;0,576987;-0,126923;-,164;-2280,9
;461;0,409361;0,00222464;0,875055;-0,0085235;-27,8495;-194,373;;;;461;0,965691;0,000677901;0,577011;-0,126905;-164,166;-2281,58
;462;0,409053;0,00221568;0,8754;-0,0084744;-27,7704;-194,373;;;;462;0,965594;0,000677582;0,577036;-0,126887;-164,151;-2282,26
;463;0,408746;0,00220676;0,875743;-0,00842559;-27,6915;-194,373;;;;463;0,965498;0,000677261;0,57706;-0,126869;-164,136;-2282,94
;464;0,40844;0,00219789;0,876086;-0,00837708;-27,6129;-194,372;;;;464;0,965402;0,000676939;0,577085;-0,126851;-164,121;-2283,63
;465;0,408136;0,00218906;0,876427;-0,00832886;-27,5346;-194,372;;;;465;0,965305;0,000676616;0,577109;-0,126833;-164,107;-2284,33
;466;0,407832;0,00218028;0,876768;-0,00828093;-27,4564;-194,372;;;;466;0,965209;0,000676291;0,577134;-0,126815;-164,092;-2285,02
;467;0,40753;0,00217154;0,877107;-0,00823329;-27,3785;-194,372;;;;467;0,965113;0,000675966;0,577159;-0,126797;-164,077;-2285,72
;468;0,407229;0,00216285;0,877445;-0,00818593;-27,3009;-194,371;;;;468;0,965016;0,000675639;0,577183;-0,126779;-164,063;-2286,43
;469;0,40693;0,0021542;0,877783;-0,00813886;-27,2235;-194,371;;;;469;0,96492;0,000675311;0,577208;-0,12676;-164,048;-2287,14
;470;0,406631;0,0021456;0,87812;-0,00809208;-27,1463;-194,371;;;;470;0,964824;0,000674982;0,577233;-0,126742;-164,033;-2287,85
;471;0,406334;0,00213704;0,878455;-0,00804557;-27,0693;-,194;;;;471;0,964728;0,000674651;0,577258;-0,126724;-164,018;-2288,57
;472;0,406038;0,00212853;0,87879;-0,00799935;-26,9926;-,194;;;;472;0,964632;0,00067432;0,577283;-0,126706;-164,004;-2289,29
;473;0,405743;0,00212006;0,879123;-0,0079534;-26,9161;-,194;;;;473;0,964536;0,000673987;0,577308;-0,126687;-163,989;-2290,01
;474;0,405449;0,00211163;0,879456;-0,00790773;-26,8399;-194,369;;;;474;0,96444;0,000673654;0,577333;-0,126669;-163,974;-2290,74
;475;0,405156;0,00210325;0,879788;-0,00786233;-26,7639;-194,369;;;;475;0,964344;0,000673319;0,577358;-0,126651;-,164;-2291,47
;476;0,404865;0,0020949;0,880119;-0,00781721;-26,6881;-194,369;;;;476;0,964248;0,000672983;0,577383;-0,126632;-163,945;-2292,2
;477;0,404574;0,0020866;0,880448;-0,00777235;-26,6125;-194,368;;;;477;0,964153;0,000672647;0,577408;-0,126614;-,164;-2292,94
;478;0,404285;0,00207835;0,880777;-0,00772777;-26,5372;-194,368;;;;478;0,964057;0,000672309;0,577433;-0,126596;-163,916;-2293,68
;479;0,403997;0,00207013;0,881105;-0,00768345;-26,4621;-194,368;;;;479;0,963961;0,00067197;0,577459;-0,126577;-163,901;-2294,42
;480;0,40371;0,00206196;0,881432;-0,0076394;-26,3872;-194,368;;;;480;0,963866;0,000671631;0,577484;-0,126559;-163,886;-2295,17
;481;0,403424;0,00205382;0,881758;-0,00759561;-26,3126;-194,367;;;;481;0,96377;0,00067129;0,577509;-0,12654;-163,872;-2295,92
;482;0,403139;0,00204573;0,882083;-0,00755208;-26,2381;-194,367;;;;482;0,963675;0,000670949;0,577535;-0,126522;-163,857;-2296,68
;483;0,402856;0,00203768;0,882407;-0,00750882;-26,1639;-194,367;;;;483;0,963579;0,000670606;0,57756;-0,126503;-163,842;-2297,44
;484;0,402573;0,00202967;0,882731;-0,00746581;-26,09;-194,366;;;;484;0,963484;0,000670263;0,577585;-0,126484;-163,828;-2298,2
;485;0,402292;0,0020217;0,883053;-0,00742306;-26,0162;-194,366;;;;485;0,963388;0,000669919;0,577611;-0,126466;-163,813;-2298,96
;486;0,402011;0,00201377;0,883374;-0,00738056;-25,9427;-194,366;;;;486;0,963293;0,000669574;0,577636;-0,126447;-163,798;-2299,73
;487;0,401732;0,00200587;0,883695;-0,00733832;-25,8694;-194,366;;;;487;0,963198;0,000669228;0,577662;-0,126428;-163,784;-2300,5
;488;0,401454;0,00199802;0,884014;-0,00729633;-25,7963;-194,365;;;;488;0,963102;0,000668882;0,577687;-0,12641;-163,769;-2301,27
;489;0,401177;0,00199021;0,884333;-0,0072546;-25,7234;-194,365;;;;489;0,963007;0,000668534;0,577713;-0,126391;-163,754;-2302,05
;490;0,400901;0,00198244;0,884651;-0,00721311;-25,6508;-194,365;;;;490;0,962912;0,000668186;0,577739;-0,126372;-,164;-2302,83
;491;0,400626;0,0019747;0,884967;-0,00717187;-25,5784;-194,364;;;;491;0,962817;0,000667837;0,577764;-0,126353;-163,725;-2303,61
;492;0,400352;0,001967;0,885283;-0,00713087;-25,5062;-194,364;;;;492;0,962722;0,000667488;0,57779;-0,126335;-,164;-2304,39
;493;0,400079;0,00195934;0,885598;-0,00709012;-25,4342;-194,364;;;;493;0,962627;0,000667137;0,577816;-0,126316;-163,696;-2305,18
;494;0,399808;0,00195172;0,885912;-0,00704961;-25,3624;-194,364;;;;494;0,962532;0,000666786;0,577842;-0,126297;-163,681;-2305,97
;495;0,399537;0,00194414;0,886226;-0,00700934;-25,2909;-194,363;;;;495;0,962437;0,000666434;0,577867;-0,126278;-163,666;-2306,76
;496;0,399267;0,00193659;0,886538;-0,00696931;-25,2195;-194,363;;;;496;0,962342;0,000666082;0,577893;-0,126259;-163,652;-2307,56
;497;0,398999;0,00192909;0,886849;-0,00692952;-25,1484;-194,363;;;;497;0,962248;0,000665729;0,577919;-0,12624;-163,637;-2308,36
;498;0,398731;0,00192161;0,88716;-0,00688997;-25,0775;-194,363;;;;498;0,962153;0,000665375;0,577945;-0,126222;-163,622;-2309,16
;499;0,398465;0,00191418;0,887469;-0,00685065;-25,0068;-194,362;;;;499;0,962058;0,00066502;0,577971;-0,126203;-163,608;-2309,96
;500;0,398199;0,00190678;0,887778;-0,00681157;-24,9363;-194,362;;;;500;0,961964;0,000664665;0,577997;-0,126184;-163,593;-2310,77
;501;0,397935;0,00189942;0,888086;-0,00677272;-24,866;-194,362;;;;501;0,961869;0,00066431;0,578023;-0,126165;-163,579;-2311,58
;502;0,397671;0,00189209;0,888393;-0,00673409;-24,7959;-194,362;;;;502;0,961774;0,000663953;0,578049;-0,126146;-163,564;-2312,39
;503;0,397409;0,0018848;0,888699;-0,0066957;-24,7261;-194,361;;;;503;0,96168;0,000663596;0,578075;-0,126127;-163,549;-2313,2
;504;0,397147;0,00187755;0,889004;-0,00665754;-24,6564;-194,361;;;;504;0,961586;0,000663239;0,578101;-0,126108;-163,535;-2314,02
;505;0,396887;0,00187033;0,889308;-0,0066196;-24,587;-194,361;;;;505;0,961491;0,000662881;0,578127;-0,126089;-,164;-2314,84
;506;0,396627;0,00186314;0,889612;-0,00658189;-24,5178;-194,361;;;;506;0,961397;0,000662522;0,578153;-0,12607;-163,505;-2315,66
;507;0,396369;0,00185599;0,889914;-0,0065444;-24,4488;-,194;;;;507;0,961303;0,000662163;0,578179;-0,12605;-163,491;-2316,49
;508;0,396111;0,00184888;0,890216;-0,00650713;-24,3799;-,194;;;;508;0,961208;0,000661804;0,578206;-0,126031;-163,476;-2317,31
;509;0,395855;0,0018418;0,890517;-0,00647008;-24,3113;-,194;;;;509;0,961114;0,000661443;0,578232;-0,126012;-163,462;-2318,14
;510;0,395599;0,00183475;0,890817;-0,00643326;-24,2429;-,194;;;;510;0,96102;0,000661083;0,578258;-0,125993;-163,447;-2318,97
;511;0,395344;0,00182774;0,891116;-0,00639665;-24,1747;-194,359;;;;511;0,960926;0,000660722;0,578284;-0,125974;-163,432;-2319,8
;512;0,395091;0,00182076;0,891414;-0,00636026;-24,1067;-194,359;;;;512;0,960832;0,00066036;0,57831;-0,125955;-163,418;-2320,64
;513;0,394838;0,00181382;0,891712;-0,00632408;-24,0389;-194,359;;;;513;0,960738;0,000659998;0,578337;-0,125936;-163,403;-2321,48
;514;0,394586;0,0018069;0,892009;-0,00628812;-23,9714;-194,359;;;;514;0,960644;0,000659636;0,578363;-0,125917;-163,389;-2322,31
;515;0,394336;0,00180003;0,892304;-0,00625237;-23,904;-194,358;;;;515;0,96055;0,000659273;0,578389;-0,125897;-163,374;-2323,16
;516;0,394086;0,00179318;0,892599;-0,00621683;-23,8368;-194,358;;;;516;0,960457;0,00065891;0,578416;-0,125878;-,163;-2324
;517;0,393837;0,00178637;0,892893;-0,0061815;-23,7698;-194,358;;;;517;0,960363;0,000658546;0,578442;-0,125859;-163,345;-2324,85
;518;0,393589;0,00177959;0,893186;-0,00614638;-2,3703;-194,358;;;;518;0,960269;0,000658182;0,578469;-0,12584;-,163;-2325,69
;519;0,393342;0,00177284;0,893479;-0,00611146;-23,6364;-194,357;;;;519;0,960176;0,000657817;0,578495;-0,12582;-163,316;-2326,54
;520;0,393096;0,00176612;0,89377;-0,00607675;-23,57;-194,357;;;;520;0,960082;0,000657453;0,578521;-0,125801;-163,301;-2327,39
;521;0,392851;0,00175944;0,894061;-0,00604225;-23,5038;-194,357;;;;521;0,959988;0,000657087;0,578548;-0,125782;-163,287;-2328,25
;522;0,392607;0,00175279;0,894351;-0,00600795;-23,4379;-194,357;;;;522;0,959895;0,000656722;0,578574;-0,125763;-163,272;-2329,1
;523;0,392363;0,00174617;0,89464;-0,00597385;-23,3721;-194,357;;;;523;0,959802;0,000656356;0,578601;-0,125743;-163,258;-2329,96
;524;0,392121;0,00173958;0,894928;-0,00593996;-23,3065;-194,356;;;;524;0,959708;0,00065599;0,578627;-0,125724;-163,243;-2330,82
;525;0,391879;0,00173302;0,895216;-0,00590626;-23,241;-194,356;;;;525;0,959615;0,000655623;0,578654;-0,125705;-163,229;-2331,68
;526;0,391639;0,0017265;0,895503;-0,00587276;-23,1758;-194,356;;;;526;0,959522;0,000655256;0,57868;-0,125685;-163,214;-2332,54
;527;0,391399;0,00172;0,895788;-0,00583946;-23,1108;-194,356;;;;527;0,959428;0,000654889;0,578707;-0,125666;-163,199;-2333,41
;528;0,39116;0,00171354;0,896073;-0,00580635;-23,046;-194,355;;;;528;0,959335;0,000654522;0,578734;-0,125647;-163,185;-2334,28
;529;0,390923;0,0017071;0,896358;-0,00577344;-22,9814;-194,355;;;;529;0,959242;0,000654154;0,57876;-0,125627;-,163;-2335,14
;530;0,390686;0,0017007;0,896641;-0,00574073;-22,9169;-194,355;;;;530;0,959149;0,000653786;0,578787;-0,125608;-163,156;-2336,01
;531;0,390449;0,00169432;0,896924;-0,0057082;-22,8527;-194,355;;;;531;0,959056;0,000653418;0,578813;-0,125589;-163,141;-2336,89
;532;0,390214;0,00168798;0,897205;-0,00567587;-22,7886;-194,355;;;;532;0,958963;0,00065305;0,57884;-0,125569;-163,127;-2337,76
;533;0,38998;0,00168166;0,897486;-0,00564372;-22,7248;-194,354;;;;533;0,95887;0,000652681;0,578867;-0,12555;-163,112;-2338,63
;534;0,389746;0,00167538;0,897766;-0,00561177;-22,6611;-194,354;;;;534;0,958777;0,000652312;0,578893;-0,12553;-163,098;-2339,51
;535;0,389514;0,00166912;0,898046;-0,00558;-22,5976;-194,354;;;;535;0,958685;0,000651943;0,57892;-0,125511;-163,083;-2340,39
;536;0,389282;0,0016629;0,898324;-0,00554842;-22,5343;-194,354;;;;536;0,958592;0,000651573;0,578947;-0,125491;-163,069;-2341,27
;537;0,389051;0,0016567;0,898602;-0,00551702;-22,4712;-194,353;;;;537;0,958499;0,000651204;0,578974;-0,125472;-163,054;-2342,15
;538;0,388821;0,00165053;0,898879;-0,00548581;-22,4082;-194,353;;;;538;0,958406;0,000650834;0,579;-0,125453;-,163;-2343,03
;539;0,388592;0,00164439;0,899156;-0,00545478;-22,3455;-194,353;;;;539;0,958314;0,000650464;0,579027;-0,125433;-163,025;-2343,92
;540;0,388363;0,00163828;0,899431;-0,00542393;-22,2829;-194,353;;;;540;0,958221;0,000650094;0,579054;-0,125414;-163,011;-2344,8
;541;0,388136;0,0016322;0,899706;-0,00539327;-22,2206;-194,353;;;;541;0,958129;0,000649724;0,579081;-0,125394;-162,997;-2345,69
;542;0,387909;0,00162614;0,89998;-0,00536278;-22,1584;-194,352;;;;542;0,958036;0,000649353;0,579107;-0,125375;-162,982;-2346,58
;543;0,387683;0,00162011;0,900253;-0,00533247;-22,0964;-194,352;;;;543;0,957944;0,000648983;0,579134;-0,125355;-162,968;-2347,47
;544;0,387458;0,00161411;0,900525;-0,00530234;-22,0346;-194,352;;;;544;0,957852;0,000648612;0,579161;-0,125336;-162,953;-2348,36
;545;0,387234;0,00160814;0,900797;-0,00527239;-21,9729;-194,352;;;;545;0,95776;0,000648241;0,579188;-0,125316;-162,939;-2349,26
;546;0,387011;0,0016022;0,901067;-0,00524261;-21,9115;-194,352;;;;546;0,957667;0,00064787;0,579215;-0,125297;-162,924;-2350,15
;547;0,386788;0,00159628;0,901338;-0,005213;-21,8502;-194,351;;;;547;0,957575;0,000647499;0,579241;-0,125277;-,163;-2351,05
;548;0,386566;0,00159039;0,901607;-0,00518357;-21,7891;-194,351;;;;548;0,957483;0,000647128;0,579268;-0,125258;-162,895;-2351,94
;549;0,386345;0,00158453;0,901875;-0,00515431;-21,7282;-194,351;;;;549;0,957391;0,000646756;0,579295;-0,125238;-162,881;-2352,84
;550;0,386125;0,00157869;0,902143;-0,00512522;-21,6675;-194,351;;;;550;0,957299;0,000646385;0,579322;-0,125219;-162,866;-2353,74
;551;0,385906;0,00157289;0,90241;-0,0050963;-21,6069;-194,351;;;;551;0,957207;0,000646013;0,579349;-0,125199;-162,852;-2354,64
;552;0,385688;0,0015671;0,902676;-0,00506755;-21,5466;-194,351;;;;552;0,957115;0,000645642;0,579376;-0,12518;-162,838;-2355,55
;553;0,38547;0,00156135;0,902942;-0,00503897;-21,4864;-,194;;;;553;0,957023;0,00064527;0,579403;-0,12516;-162,823;-2356,45
;554;0,385253;0,00155562;0,903207;-0,00501055;-21,4263;-,194;;;;554;0,956932;0,000644898;0,57943;-0,125141;-162,809;-2357,36
;555;0,385037;0,00154991;0,903471;-0,0049823;-21,3665;-,194;;;;555;0,95684;0,000644527;0,579457;-0,125121;-162,794;-2358,26
;556;0,384821;0,00154424;0,903734;-0,00495421;-21,3068;-,194;;;;556;0,956748;0,000644155;0,579483;-0,125102;-,163;-2359,17
;557;0,384607;0,00153858;0,903996;-0,00492629;-21,2474;-,194;;;;557;0,956657;0,000643783;0,57951;-0,125082;-162,766;-2360,08
;558;0,384393;0,00153296;0,904258;-0,00489853;-21,188;-194,349;;;;558;0,956565;0,000643411;0,579537;-0,125063;-162,751;-2360,99
;559;0,38418;0,00152736;0,904519;-0,00487093;-21,1289;-194,349;;;;559;0,956473;0,000643039;0,579564;-0,125043;-162,737;-2361,9
;560;0,383968;0,00152178;0,90478;-0,0048435;-21,0699;-194,349;;;;560;0,956382;0,000642667;0,579591;-0,125023;-162,722;-2362,81
;561;0,383757;0,00151623;0,905039;-0,00481622;-21,0111;-194,349;;;;561;0,956291;0,000642295;0,579618;-0,125004;-162,708;-2363,72
;562;0,383546;0,00151071;0,905298;-0,0047891;-20,9525;-194,349;;;;562;0,956199;0,000641923;0,579645;-0,124984;-162,694;-2364,64
;563;0,383336;0,00150521;0,905556;-0,00476214;-20,8941;-194,348;;;;563;0,956108;0,000641551;0,579672;-0,124965;-162,679;-2365,55
;564;0,383127;0,00149973;0,905814;-0,00473534;-20,8358;-194,348;;;;564;0,956017;0,000641179;0,579699;-0,124945;-162,665;-2366,47
;565;0,382918;0,00149428;0,90607;-0,00470869;-20,7777;-194,348;;;;565;0,955925;0,000640807;0,579726;-0,124926;-162,651;-2367,39
;566;0,382711;0,00148885;0,906326;-0,0046822;-20,7198;-194,348;;;;566;0,955834;0,000640435;0,579753;-0,124906;-162,636;-2368,31
;567;0,382504;0,00148345;0,906581;-0,00465586;-20,7198;-194,348;;;;567;0,955743;0,000640063;0,57978;-0,124886;-162,622;-2369,22
;568;0,382298;0,00147807;0,906836;-0,00462967;-20,6044;-194,348;;;;568;0,955652;0,000639691;0,579807;-0,124867;-162,607;-2370,14
;569;0,382092;0,00147272;0,90709;-0,00460364;-20,547;-194,347;;;;569;0,955561;0,000639319;0,579834;-0,124847;-162,593;-2371,07
;570;0,381888;0,00146739;0,907343;-0,00457775;-20,4897;-194,347;;;;570;0,95547;0,000638947;0,579861;-0,124828;-162,579;-2371,99
;571;0,381684;0,00146208;0,907595;-0,00455202;-20,4326;-194,347;;;;571;0,955379;0,000638575;0,579888;-0,124808;-162,564;-2372,91
;572;0,38148;0,0014568;0,907847;-0,00452644;-20,3757;-194,347;;;;572;0,955289;0,000638204;0,579915;-0,124789;-,163;-2373,84
;573;0,381278;0,00145154;0,908098;-0,004501;-20,319;-194,347;;;;573;0,955198;0,000637832;0,579942;-0,124769;-162,536;-2374,76
;574;0,381076;0,0014463;0,908348;-0,00447571;-20,2624;-194,347;;;;574;0,955107;0,00063746;0,579969;-0,124749;-162,522;-2375,69
;575;0,380875;0,00144109;0,908598;-0,00445057;-20,2059;-194,346;;;;575;0,955016;0,000637089;0,579996;-0,12473;-162,507;-2376,61
;576;0,380675;0,0014359;0,908846;-0,00442558;-20,1497;-194,346;;;;576;0,954926;0,000636717;0,580024;-0,12471;-162,493;-2377,54
;577;0,380475;0,00143074;0,909095;-0,00440073;-20,0936;-194,346;;;;577;0,954835;0,000636345;0,580051;-0,124691;-162,479;-2378,47
;578;0,380276;0,00142559;0,909342;-0,00437602;-20,0377;-194,346;;;;578;0,954745;0,000635974;0,580078;-0,124671;-162,464;-2379,4
;579;0,380078;0,00142047;0,909589;-0,00435146;-19,9819;-194,346;;;;579;0,954654;0,000635603;0,580105;-0,124651;-,162;-2380,33
;580;0,379881;0,00141537;0,909835;-0,00432704;-19,9263;-194,346;;;;580;0,954564;0,000635232;0,580132;-0,124632;-162,436;-2381,26
;581;0,379684;0,0014103;0,91008;-0,00430276;-19,8709;-194,345;;;;581;0,954474;0,00063486;0,580159;-0,124612;-162,421;-2382,19
;582;0,379488;0,00140524;0,910325;-0,00427862;-19,8156;-194,345;;;;582;0,954383;0,000634489;0,580186;-0,124593;-162,407;-2383,12
;583;0,379293;0,00140021;0,910569;-0,00425462;-19,7605;-194,345;;;;583;0,954293;0,000634118;0,580213;-0,124573;-162,393;-2384,06
;584;0,379098;0,0013952;0,910812;-0,00423076;-19,7055;-194,345;;;;584;0,954203;0,000633748;0,58024;-0,124553;-162,379;-2384,99
;585;0,378904;0,00139022;0,911055;-0,00420703;-19,6507;-194,345;;;;585;0,954113;0,000633377;0,580267;-0,124534;-162,364;-2385,93
;586;0,378711;0,00138525;0,911297;-0,00418345;-19,5961;-194,345;;;;586;0,954023;0,000633006;0,580294;-0,124514;-,162;-2386,86
;587;0,378518;0,00138031;0,911538;-0,00416;-19,5416;-194,344;;;;587;0,953933;0,000632636;0,580321;-0,124495;-162,336;-2387,8
;588;0,378326;0,00137539;0,911779;-0,00413668;-19,4873;-194,344;;;;588;0,953843;0,000632265;0,580348;-0,124475;-162,322;-2388,74
;589;0,378135;0,00137049;0,912018;-0,00411351;-19,4331;-194,344;;;;589;0,953753;0,000631895;0,580375;-0,124455;-162,307;-2389,67
;590;0,377944;0,00136561;0,912258;-0,00409046;-19,3791;-194,344;;;;590;0,953663;0,000631525;0,580403;-0,124436;-162,293;-2390,61
;591;0,377754;0,00136075;0,912496;-0,00406755;-19,3253;-194,344;;;;591;0,953573;0,000631155;0,58043;-0,124416;-162,279;-2391,55
;592;0,377565;0,00135591;0,912734;-0,00404477;-19,2716;-194,344;;;;592;0,953483;0,000630785;0,580457;-0,124397;-162,265;-2392,49
;593;0,377377;0,0013511;0,912971;-0,00402212;-19,2181;-194,344;;;;593;0,953393;0,000630416;0,580484;-0,124377;-,162;-2393,43
;594;0,377189;0,0013463;0,913208;-0,0039996;-19,1647;-194,343;;;;594;0,953304;0,000630046;0,580511;-0,124358;-162,236;-2394,37
;595;0,377002;0,00134153;0,913444;-0,00397721;-19,1115;-194,343;;;;595;0,953214;0,000629677;0,580538;-0,124338;-162,222;-2395,31
;596;0,376815;0,00133677;0,913679;-0,00395495;-19,0584;-194,343;;;;596;0,953125;0,000629308;0,580565;-0,124318;-162,208;-2396,26
;597;0,376629;0,00133204;0,913914;-0,00393282;-19,0055;-194,343;;;;597;0,953035;0,000628939;0,580592;-0,124299;-162,194;-2397,2
;598;0,376444;0,00132733;0,914148;-0,00391082;-18,9527;-194,343;;;;598;0,952946;0,00062857;0,580619;-0,124279;-162,179;-2398,14
;599;0,376259;0,00132264;0,914381;-0,00388894;-18,9001;-194,343;;;;599;0,952856;0,000628201;0,580646;-0,12426;-162,165;-2399,09
;600;0,376075;0,00131797;0,914614;-0,00386719;-18,8477;-194,343;;;;600;0,952767;0,000627833;0,580673;-0,12424;-162,151;-2400,03
;601;0,375892;0,00131331;0,914846;-0,00384556;-18,7954;-194,342;;;;601;0,952678;0,000627464;0,580701;-0,124221;-162,137;-2400,98
;602;0,375709;0,00130868;0,915077;-0,00382406;-18,7432;-194,342;;;;602;0,952588;0,000627096;0,580728;-0,124201;-162,123;-2401,92
;603;0,375527;0,00130407;0,915308;-0,00380268;-18,6912;-194,342;;;;603;0,952499;0,000626728;0,580755;-0,124181;-162,109;-2402,87
;604;0,375346;0,00129948;0,915538;-0,00378143;-18,6394;-194,342;;;;604;0,95241;0,00062636;0,580782;-0,124162;-162,094;-2403,82
;605;0,375165;0,00129491;0,915767;-0,0037603;-18,5877;-194,342;;;;605;0,952321;0,000625993;0,580809;-0,124142;-,162;-2404,76
;606;0,374985;0,00129035;0,915996;-0,00373929;-18,5362;-194,342;;;;606;0,952232;0,000625625;0,580836;-0,124123;-162,066;-2405,71
;607;0,374806;0,00128582;0,916224;-0,0037184;-18,4848;-194,342;;;;607;0,952143;0,000625258;0,580863;-0,124103;-162,052;-2406,66
;608;0,374637;0,00128157;0,916438;-0,00369886;-18,4366;-194,341;;;;608;0,952054;0,000624891;0,58089;-0,124084;-162,038;-2407,61
;609;0,374459;0,00127708;0,916665;-0,0036782;-18,3855;-194,341;;;;609;0,951965;0,000624524;0,580917;-0,124064;-162,024;-2408,56
;610;0,374282;0,0012726;0,916891;-0,00365766;-18,3345;-194,341;;;;610;0,951876;0,000624158;0,580944;-0,124045;-162,009;-2409,51
;611;0,374105;0,00126815;0,917117;-0,00363724;-18,2837;-194,341;;;;611;0,951788;0,000623792;0,580971;-0,124025;-161,995;-2410,46
;612;0,373928;0,00126371;0,917342;-0,00361694;-18,233;-194,341;;;;612;0,951699;0,000623425;0,580999;-0,124006;-161,981;-2411,41
;613;0,373752;0,00125929;0,917566;-0,00359675;-18,1825;-194,341;;;;613;0,95161;0,000623059;0,581026;-0,123986;-161,967;-2412,36
;614;0,373577;0,00125489;0,91779;-0,00357668;-18,1322;-194,341;;;;614;0,951522;0,000622694;0,581053;-0,123966;-161,953;-2413,31
;615;0,373403;0,0012505;0,918013;-0,00355672;-18,0819;-,194;;;;615;0,951433;0,000622328;0,58108;-0,123947;-161,939;-2414,26
;616;0,373229;0,00124614;0,918236;-0,00353688;-18,0319;-,194;;;;616;0,951344;0,000621963;0,581107;-0,123927;-161,925;-2415,21
;617;0,373055;0,00124179;0,918457;-0,00351715;-17,9819;-,194;;;;617;0,951256;0,000621598;0,581134;-0,123908;-161,911;-2416,17
;618;0,372883;0,00123747;0,918679;-0,00349754;-17,9321;-,194;;;;618;0,951168;0,000621233;0,581161;-0,123888;-161,897;-2417,12
;619;0,37271;0,00123316;0,918899;-0,00347803;-17,8825;-,194;;;;619;0,951079;0,000620869;0,581188;-0,123869;-161,883;-2418,07
;620;0,372539;0,00122887;0,919119;-0,00345864;-1,7833;-,194;;;;620;0,950991;0,000620504;0,581215;-0,123849;-161,868;-2419,03
;621;0,372368;0,0012246;0,919339;-0,00343936;-17,7836;-,194;;;;621;0,950903;0,00062014;0,581242;-0,12383;-161,854;-2419,98
;622;0,372197;0,00122034;0,919558;-0,00342019;-17,7344;-,194;;;;622;0,950814;0,000619776;0,581269;-0,12381;-,162;-2420,94
;623;0,372028;0,00121611;0,919776;-0,00340113;-17,6853;-194,339;;;;623;0,950726;0,000619413;0,581296;-0,123791;-161,826;-2421,89
;624;0,371858;0,00121189;0,919993;-0,00338218;-17,6364;-194,339;;;;624;0,950638;0,000619049;0,581323;-0,123771;-161,812;-2422,85
;625;0,37169;0,00120769;0,92021;-0,00336334;-17,5876;-194,339;;;;625;0,95055;0,000618686;0,58135;-0,123752;-161,798;-2423,8
;626;0,371522;0,0012035;0,920427;-0,0033446;-1,7539;-194,339;;;;626;0,950462;0,000618323;0,581377;-0,123733;-161,784;-2424,76
;627;0,371354;0,00119934;0,920643;-0,00332598;-17,4905;-194,339;;;;627;0,950374;0,000617961;0,581405;-0,123713;-,162;-2425,71
;628;0,371187;0,00119519;0,920858;-0,00330746;-17,4421;-194,339;;;;628;0,950286;0,000617598;0,581432;-0,123694;-161,756;-2426,67
;629;0,371021;0,00119106;0,921072;-0,00328904;-17,3939;-194,339;;;;629;0,950198;0,000617236;0,581459;-0,123674;-161,742;-2427,63
;630;0,370855;0,00118694;0,921286;-0,00327073;-17,3458;-194,339;;;;630;0,950111;0,000616874;0,581486;-0,123655;-161,728;-2428,58
;631;0,37069;0,00118285;0,9215;-0,00325253;-17,2978;-194,338;;;;631;0,950023;0,000616513;0,581513;-0,123635;-161,714;-2429,54
;632;0,370526;0,00117877;0,921712;-0,00323443;-17,25;-194,338;;;;632;0,949935;0,000616152;0,58154;-0,123616;-,162;-2430,5
;633;0,370362;0,0011747;0,921925;-0,00321643;-17,2023;-194,338;;;;633;0,949848;0,000615791;0,581567;-0,123596;-161,686;-2431,46
;634;0,370198;0,00117066;0,922136;-0,00319853;-17,1548;-194,338;;;;634;0,94976;0,00061543;0,581594;-0,123577;-161,672;-2432,41
;635;0,370035;0,00116663;0,922347;-0,00318074;-17,1074;-194,338;;;;635;0,949673;0,000615069;0,581621;-0,123557;-161,658;-2433,37
;636;0,369873;0,00116261;0,922558;-0,00316305;-17,0601;-194,338;;;;636;0,949585;0,000614709;0,581648;-0,123538;-161,644;-2434,33
;637;0,369711;0,00115862;0,922768;-0,00314546;-17,013;-194,338;;;;637;0,949498;0,000614349;0,581675;-0,123519;-,162;-2435,29
;638;0,36955;0,00115464;0,922977;-0,00312797;-16,966;-194,338;;;;638;0,94941;0,00061399;0,581702;-0,123499;-161,616;-2436,25
;639;0,369389;0,00115068;0,923186;-0,00311058;-16,9192;-194,338;;;;639;0,949323;0,00061363;0,581729;-0,12348;-161,602;-2437,21
;640;0,369229;0,00114673;0,923394;-0,00309329;-16,8724;-194,337;;;;640;0,949236;0,000613271;0,581756;-0,12346;-161,588;-2438,17
;641;0,369069;0,0011428;0,923601;-0,0030761;-16,8259;-194,337;;;;641;0,949148;0,000612912;0,581783;-0,123441;-161,574;-2439,13
;642;0,36891;0,00113888;0,923808;-0,003059;-16,7794;-194,337;;;;642;0,949061;0,000612554;0,58181;-0,123422;-,162;-2440,09
;643;0,368752;0,00113499;0,924015;-0,00304201;-16,7331;-194,337;;;;643;0,948974;0,000612196;0,581837;-0,123402;-161,546;-2441,05
;644;0,368594;0,0011311;0,92422;-0,00302511;-16,6869;-194,337;;;;644;0,948887;0,000611838;0,581864;-0,123383;-161,532;-2442,01
;645;0,368436;0,00112724;0,924426;-0,0030083;-16,6408;-194,337;;;;645;0,9488;0,00061148;0,581891;-0,123363;-161,518;-2442,97
;646;0,368279;0,00112339;0,92463;-0,00299159;-16,5949;-194,337;;;;646;0,948713;0,000611123;0,581918;-0,123344;-161,504;-2443,93
;647;0,368123;0,00111955;0,924834;-0,00297498;-16,5491;-194,337;;;;647;0,948626;0,000610766;0,581944;-0,123325;-,161;-2444,89
;648;0,367967;0,00111573;0,925038;-0,00295846;-16,5035;-194,336;;;;648;0,948539;0,000610409;0,581971;-0,123305;-161,476;-2445,85
;649;0,367812;0,00111193;0,925241;-0,00294204;-16,4579;-194,336;;;;649;0,948452;0,000610052;0,581998;-0,123286;-161,463;-2446,81
;650;0,367657;0,00110814;0,925443;-0,00292571;-16,4125;-194,336;;;;650;0,948366;0,000609696;0,582025;-0,123267;-161,449;-2447,78
;651;0,367503;0,00110437;0,925645;-0,00290947;-16,3673;-194,336;;;;651;0,948279;0,00060934;0,582052;-0,123247;-161,435;-2448,74
;652;0,367349;0,00110061;0,925847;-0,00289332;-16,3221;-194,336;;;;652;0,948192;0,000608985;0,582079;-0,123228;-161,421;-2449,7
;653;0,367196;0,00109687;0,926047;-0,00287727;-16,2771;-194,336;;;;653;0,948106;0,00060863;0,582106;-0,123209;-161,407;-2450,66
;654;0,367043;0,00109315;0,926247;-0,00286131;-16,2323;-194,336;;;;654;0,948019;0,000608275;0,582133;-0,123189;-161,393;-2451,62
;655;0,366891;0,00108944;0,926447;-0,00284544;-16,1875;-194,336;;;;655;0,947933;0,00060792;0,58216;-0,12317;-161,379;-2452,58
;656;0,366739;0,00108574;0,926646;-0,00282965;-16,1429;-194,336;;;;656;0,947846;0,000607566;0,582187;-0,123151;-161,365;-2453,55
;657;0,366588;0,00108206;0,926845;-0,00281396;-16,0984;-194,336;;;;657;0,94776;0,000607212;0,582214;-0,123131;-161,351;-2454,51
;658;0,366437;0,00107839;0,927043;-0,00279836;-16,054;-194,335;;;;658;0,947673;0,000606858;0,582241;-0,123112;-161,337;-2455,47
;659;0,366287;0,00107474;0,92724;-0,00278284;-16,0098;-194,335;;;;659;0,947587;0,000606505;0,582267;-0,123093;-161,324;-2456,43
;660;0,366138;0,0010711;0,927437;-0,00276742;-15,9657;-194,335;;;;660;0,947501;0,000606151;0,582294;-0,123074;-,161;-2457,4
;661;0,365988;0,00106748;0,927633;-0,00275208;-15,9217;-194,335;;;;661;0,947415;0,000605799;0,582321;-0,123054;-161,296;-2458,36
;662;0,36584;0,00106387;0,927829;-0,00273683;-15,8778;-194,335;;;;662;0,947328;0,000605446;0,582348;-0,123035;-161,282;-2459,32
;663;0,365692;0,00106028;0,928024;-0,00272166;-15,8341;-194,335;;;;663;0,947242;0,000605094;0,582375;-0,123016;-161,268;-2460,28
;664;0,365544;0,0010567;0,928219;-0,00270658;-15,7905;-194,335;;;;664;0,947156;0,000604742;0,582402;-0,122997;-161,254;-2461,25
;665;0,365397;0,00105314;0,928413;-0,00269159;-15,747;-194,335;;;;665;0,94707;0,000604391;0,582429;-0,122977;-,161;-2462,21
;666;0,36525;0,00104959;0,928607;-0,00267668;-15,7036;-194,335;;;;666;0,946984;0,00060404;0,582455;-0,122958;-161,227;-2463,17
;667;0,365104;0,00104605;0,9288;-0,00266186;-15,6604;-194,335;;;;667;0,946898;0,000603689;0,582482;-0,122939;-161,213;-2464,14
;668;0,364958;0,00104253;0,928992;-0,00264712;-15,6173;-194,334;;;;668;0,946812;0,000603338;0,582509;-0,12292;-161,199;-2465,1
;669;0,364813;0,00103902;0,929184;-0,00263246;-15,5743;-194,334;;;;669;0,946727;0,000602988;0,582536;-0,1229;-161,185;-2466,06
;670;0,364669;0,00103553;0,929376;-0,00261789;-15,5314;-194,334;;;;670;0,946641;0,000602638;0,582563;-0,122881;-161,171;-2467,03
;671;0,364524;0,00103205;0,929567;-0,0026034;-15,4887;-194,334;;;;671;0,946555;0,000602289;0,58259;-0,122862;-161,158;-2467,99
;672;0,364381;0,00102859;0,929757;-0,00258899;-15,4461;-194,334;;;;672;0,946469;0,000601939;0,582616;-0,122843;-161,144;-2468,95
;673;0,364237;0,00102514;0,929947;-0,00257466;-15,4036;-194,334;;;;673;0,946384;0,000601591;0,582643;-0,122824;-,161;-2469,92
;674;0,364095;0,0010217;0,930137;-0,00256042;-15,3612;-194,334;;;;674;0,946298;0,000601242;0,58267;-0,122804;-161,116;-2470,88
;675;0,363952;0,00101827;0,930326;-0,00254625;-15,3189;-194,334;;;;675;0,946213;0,000600894;0,582697;-0,122785;-161,102;-2471,84
;676;0,363811;0,00101486;0,930514;-0,00253217;-15,2768;-194,334;;;;676;0,946127;0,000600546;0,582723;-0,122766;-161,089;-2472,81
;677;0,363669;0,00101147;0,930702;-0,00251816;-15,2348;-194,334;;;;677;0,946042;0,000600198;0,58275;-0,122747;-161,075;-2473,77
;678;0,363528;0,00100808;0,930889;-0,00250423;-15,1929;-194,333;;;;678;0,945957;0,000599851;0,582777;-0,122728;-161,061;-2474,73
;679;0,363388;0,00100471;0,931076;-0,00249039;-15,1511;-194,333;;;;679;0,945871;0,000599504;0,582804;-0,122709;-161,047;-2475,7
;680;0,363248;0,00100136;0,931262;-0,00247662;-15,1095;-194,333;;;;680;0,945786;0,000599158;0,58283;-0,122689;-161,034;-2476,66
;681;0,363109;0,000998013;0,931448;-0,00246293;-15,0679;-194,333;;;;681;0,945701;0,000598811;0,582857;-0,12267;-,161;-2477,62
;682;0,36297;0,000994683;0,931633;-0,00244931;-15,0265;-194,333;;;;682;0,945616;0,000598466;0,582884;-0,122651;-161,006;-2478,59
;683;0,362831;0,000991366;0,931818;-0,00243578;-14,9852;-194,333;;;;683;0,94553;0,00059812;0,582911;-0,122632;-160,992;-2479,55
;684;0,362693;0,000988062;0,932002;-0,00242231;-14,944;-194,333;;;;684;0,945445;0,000597775;0,582937;-0,122613;-160,979;-2480,51
;685;0,362555;0,000984771;0,932186;-0,00240893;-14,9029;-194,333;;;;685;0,94536;0,00059743;0,582964;-0,122594;-160,965;-2481,48
;686;0,362418;0,000981494;0,932369;-0,00239562;-14,862;-194,333;;;;686;0,945275;0,000597085;0,582991;-0,122575;-160,951;-2482,44
;687;0,362281;0,000978229;0,932552;-0,00238239;-14,8211;-194,333;;;;687;0,94519;0,000596741;0,583017;-0,122556;-160,937;-2483,4
;688;0,362145;0,000974977;0,932734;-0,00236923;-14,7804;-194,333;;;;688;0,945105;0,000596397;0,583044;-0,122537;-160,924;-2484,37
;689;0,362009;0,000971737;0,932916;-0,00235614;-14,7398;-194,333;;;;689;0,945021;0,000596054;0,583071;-0,122518;-,161;-2485,33
;690;0,361874;0,000968511;0,933097;-0,00234313;-14,6993;-194,332;;;;690;0,944936;0,000595711;0,583097;-0,122498;-160,896;-2486,29
;691;0,361739;0,000965297;0,933277;-0,0023302;-14,659;-194,332;;;;691;0,944851;0,000595368;0,583124;-0,122479;-160,883;-2487,26
;692;0,361605;0,000962095;0,933458;-0,00231733;-14,6187;-194,332;;;;692;0,944766;0,000595026;0,583151;-0,12246;-160,869;-2488,22
;693;0,361471;0,000958906;0,933637;-0,00230454;-14,5786;-194,332;;;;693;0,944682;0,000594683;0,583177;-0,122441;-160,855;-2489,18
;694;0,361337;0,00095573;0,933817;-0,00229182;-14,5385;-194,332;;;;694;0,944597;0,000594342;0,583204;-0,122422;-160,842;-2490,15
;695;0,361204;0,000952566;0,933995;-0,00227917;-14,4986;-194,332;;;;695;0,944513;0,000594;0,583231;-0,122403;-160,828;-2491,11
;696;0,361071;0,000949415;0,934174;-0,00226659;-14,4588;-194,332;;;;696;0,944428;0,000593659;0,583257;-0,122384;-160,814;-2492,07
;697;0,360939;0,000946275;0,934351;-0,00225409;-14,4191;-194,332;;;;697;0,944344;0,000593318;0,583284;-0,122365;-160,801;-2493,03
;698;0,360807;0,000943148;0,934529;-0,00224165;-14,3796;-194,332;;;;698;0,944259;0,000592978;0,58331;-0,122346;-160,787;-2494
;699;0,360676;0,000940033;0,934705;-0,00222929;-14,3401;-194,332;;;;699;0,944175;0,000592638;0,583337;-0,122327;-160,773;-2494,96
;700;0,360545;0,000936931;0,934882;-0,00221699;-14,3007;-194,332;;;;700;0,944091;0,000592298;0,583363;-0,122308;-,161;-2495,92
;701;0,360414;0,00093384;0,935057;-0,00220477;-14,2615;-194,331;;;;701;0,944006;0,000591959;0,58339;-0,122289;-160,746;-2496,88
;702;0,360284;0,000930761;0,935233;-0,00219261;-14,2224;-194,331;;;;702;0,943922;0,00059162;0,583417;-0,12227;-160,732;-2497,85
;703;0,360154;0,000927694;0,935407;-0,00218052;-14,1834;-194,331;;;;703;0,943838;0,000591281;0,583443;-0,122251;-160,719;-2498,81
;704;0,360025;0,00092464;0,935582;-0,0021685;-14,1445;-194,331;;;;704;0,943754;0,000590943;0,58347;-0,122232;-160,705;-2499,77
;705;0,359896;0,000921596;0,935756;-0,00215654;-14,1057;-194,331;;;;705;0,94367;0,000590605;0,583496;-0,122214;-160,692;-2500,73
;706;0,359768;0,000918565;0,935929;-0,00214466;-14,067;-194,331;;;;706;0,943586;0,000590268;0,583523;-0,122195;-160,678;-2501,7
;707;0,35964;0,000915546;0,936102;-0,00213284;-14,0284;-194,331;;;;707;0,943502;0,00058993;0,583549;-0,122176;-160,664;-2502,66
;708;0,359512;0,000912538;0,936274;-0,00212109;-13,9899;-194,331;;;;708;0,943418;0,000589593;0,583576;-0,122157;-160,651;-2503,62
;709;0,359385;0,000909541;0,936446;-0,0021094;-13,9516;-194,331;;;;709;0,943334;0,000589257;0,583602;-0,122138;-160,637;-2504,58
;710;0,359258;0,000906557;0,936618;-0,00209778;-13,9133;-194,331;;;;710;0,94325;0,000588921;0,583629;-0,122119;-160,624;-2505,54
;711;0,359132;0,000903583;0,936789;-0,00208622;-13,8752;-194,331;;;;711;0,943167;0,000588585;0,583655;-0,1221;-,161;-2506,5
;712;0,359006;0,000900621;0,936959;-0,00207473;-13,8372;-194,331;;;;712;0,943083;0,00058825;0,583682;-0,122081;-160,596;-2507,47
;713;0,358881;0,000897671;0,937129;-0,00206331;-13,7992;-194,331;;;;713;0,942999;0,000587914;0,583708;-0,122062;-160,583;-2508,43
;714;0,358756;0,000894732;0,937299;-0,00205194;-13,7614;-,194;;;;714;0,942916;0,00058758;0,583735;-0,122043;-160,569;-2509,39
;715;0,358631;0,000891804;0,937468;-0,00204065;-13,7237;-,194;;;;715;0,942832;0,000587245;0,583761;-0,122025;-160,556;-2510,35
;716;0,358507;0,000888887;0,937637;-0,00202941;-13,6861;-,194;;;;716;0,942748;0,000586911;0,583788;-0,122006;-160,542;-2511,31
;717;0,358383;0,000885982;0,937805;-0,00201824;-13,6486;-,194;;;;717;0,942665;0,000586578;0,583814;-0,121987;-160,529;-2512,27
;718;0,358259;0,000883088;0,937973;-0,00200713;-13,6112;-,194;;;;718;0,942582;0,000586244;0,58384;-0,121968;-160,515;-2513,23
;719;0,358136;0,000880204;0,93814;-0,00199608;-13,5739;-,194;;;;719;0,942498;0,000585911;0,583867;-0,121949;-160,501;-2514,19
;720;0,358014;0,000877332;0,938307;-0,0019851;-13,5367;-,194;;;;720;0,942415;0,000585579;0,583893;-0,12193;-160,488;-2515,15
;721;0,357891;0,000874471;0,938473;-0,00197418;-13,4997;-,194;;;;721;0,942331;0,000585246;0,58392;-0,121912;-160,474;-2516,11
;722;0,357769;0,00087162;0,938639;-0,00196332;-13,4627;-,194;;;;722;0,942248;0,000584914;0,583946;-0,121893;-160,461;-2517,07
;723;0,357648;0,000868781;0,938805;-0,00195252;-13,4258;-,194;;;;723;0,942165;0,000584583;0,583972;-0,121874;-160,447;-2518,03
;724;0,357527;0,000865952;0,93897;-0,00194178;-13,3891;-,194;;;;724;0,942082;0,000584252;0,583999;-0,121855;-160,434;-2518,99
;725;0,357406;0,000863134;0,939134;-0,0019311;-13,3524;-,194;;;;725;0,941999;0,000583921;0,584025;-0,121836;-,160;-2519,95
;726;0,357286;0,000860327;0,939298;-0,00192048;-13,3159;-,194;;;;726;0,941916;0,00058359;0,584051;-0,121818;-160,407;-2520,91
;727;0,357166;0,00085753;0,939462;-0,00190992;-13,2794;-,194;;;;727;0,941833;0,00058326;0,584078;-0,121799;-160,393;-2521,87
;728;0,357046;0,000854744;0,939625;-0,00189941;-13,2431;-194,329;;;;728;0,94175;0,00058293;0,584104;-0,12178;-,160;-2522,83
;729;0,356927;0,000851969;0,939788;-0,00188897;-13,2068;-194,329;;;;729;0,941667;0,000582601;0,58413;-0,121761;-160,366;-2523,79
;730;0,356809;0,000849204;0,93995;-0,00187859;-13,1707;-194,329;;;;730;0,941584;0,000582272;0,584157;-0,121743;-160,353;-2524,75
;731;0,35669;0,00084645;0,940112;-0,00186826;-13,1346;-194,329;;;;731;0,941501;0,000581943;0,584183;-0,121724;-160,339;-2525,7
;732;0,356572;0,000843706;0,940273;-0,00185799;-13,0987;-194,329;;;;732;0,941418;0,000581615;0,584209;-0,121705;-160,326;-2526,66
;733;0,356455;0,000840972;0,940434;-0,00184778;-13,0629;-194,329;;;;733;0,941336;0,000581287;0,584236;-0,121687;-160,312;-2527,62
;734;0,356337;0,000838249;0,940595;-0,00183763;-13,0271;-194,329;;;;734;0,941253;0,000580959;0,584262;-0,121668;-160,299;-2528,58
;735;0,356221;0,000835536;0,940755;-0,00182754;-12,9915;-194,329;;;;735;0,94117;0,000580632;0,584288;-0,121649;-160,286;-2529,54
;736;0,356104;0,000832833;0,940915;-0,0018175;-12,956;-194,329;;;;736;0,941088;0,000580305;0,584314;-0,12163;-160,272;-2530,49
;737;0,355988;0,00083014;0,941074;-0,00180751;-12,9205;-194,329;;;;737;0,941005;0,000579979;0,584341;-0,121612;-160,259;-2531,45
;738;0,355872;0,000827458;0,941233;-0,00179758;-12,8852;-194,329;;;;738;0,940923;0,000579653;0,584367;-0,121593;-160,245;-2532,41
;739;0,355757;0,000824785;0,941391;-0,00178771;-12,85;-194,329;;;;739;0,94084;0,000579327;0,584393;-0,121574;-160,232;-2533,37
